platform,video_id,video_title,author,text,likes,replies,time,parent_rpid,matched_patterns
bilibili,BV14HYC6XERP,【KMD】老乡meiy月薪才4k？不可能！那他不如去便利店打工！我的身价都有meiy的三倍！要是十万日元他能天天陪我双排我直接雇了！,dnno大笨蛋,日本最终兵器拿这个价5fw真买来打全国大赛了[汤圆],544,23,2026-09-14T06:24:00+08:00,,
bilibili,BV14HYC6XERP,【KMD】老乡meiy月薪才4k？不可能！那他不如去便利店打工！我的身价都有meiy的三倍！要是十万日元他能天天陪我双排我直接雇了！,晚安Reze,meiy那个肯定是燥皮的 他住东京月租都25w日元,195,0,2026-09-14T06:27:00+08:00,,
bilibili,BV14HYC6XERP,【KMD】老乡meiy月薪才4k？不可能！那他不如去便利店打工！我的身价都有meiy的三倍！要是十万日元他能天天陪我双排我直接雇了！,听月白,把meiy买了，来5fw4保一,172,3,2026-09-14T06:22:00+08:00,,
bilibili,BV14HYC6XERP,【KMD】老乡meiy月薪才4k？不可能！那他不如去便利店打工！我的身价都有meiy的三倍！要是十万日元他能天天陪我双排我直接雇了！,sakikotomori,ddy免费陪你双排 而你却,124,8,2026-09-14T06:23:00+08:00,,
bilibili,BV14HYC6XERP,【KMD】老乡meiy月薪才4k？不可能！那他不如去便利店打工！我的身价都有meiy的三倍！要是十万日元他能天天陪我双排我直接雇了！,没脑袋__,原来是瓦双排一个月啊，我还以为是双排一个月,116,1,2026-09-14T06:23:00+08:00,,
bilibili,BV14HYC6XERP,【KMD】老乡meiy月薪才4k？不可能！那他不如去便利店打工！我的身价都有meiy的三倍！要是十万日元他能天天陪我双排我直接雇了！,P0l0G,meiy是日本瓦的康康，开播一次能赚几十个4k,70,0,2026-09-14T06:30:00+08:00,,
bilibili,BV14HYC6XERP,【KMD】老乡meiy月薪才4k？不可能！那他不如去便利店打工！我的身价都有meiy的三倍！要是十万日元他能天天陪我双排我直接雇了！,SaKURaiiHiNAriii,8W扣个税连个房子都租不起，有点太假了，日本最终兵器如果真就这个月薪那我感觉不如找个班上了,52,0,2026-09-14T06:46:00+08:00,,
bilibili,BV14HYC6XERP,【KMD】老乡meiy月薪才4k？不可能！那他不如去便利店打工！我的身价都有meiy的三倍！要是十万日元他能天天陪我双排我直接雇了！,Th0masXL,日本好歹也是发达国家吧，这个钱能养自己吗，假消息也太假了,46,5,2026-09-14T08:01:00+08:00,,
bilibili,BV14HYC6XERP,【KMD】老乡meiy月薪才4k？不可能！那他不如去便利店打工！我的身价都有meiy的三倍！要是十万日元他能天天陪我双排我直接雇了！,Ilyalikeyou07,應該是合同有代言分成，基礎薪資8W，加上代言分成滿足聯賽的薪資要求，加上meiy直播是日本收入可以排進行列的高，大概收益是這些（影片開頭的彈幕和10w日元找KMD雙排都是我發的我自己推敲一下）,33,4,2026-09-14T06:53:00+08:00,,
bilibili,BV14HYC6XERP,【KMD】老乡meiy月薪才4k？不可能！那他不如去便利店打工！我的身价都有meiy的三倍！要是十万日元他能天天陪我双排我直接雇了！,甲板上的桅杆,就这点钱都不够yu大姐在日本的生存的吧[无限暖暖_毛线汪汪],23,1,2026-09-14T06:25:00+08:00,,
bilibili,BV14HYC6XERP,【KMD】老乡meiy月薪才4k？不可能！那他不如去便利店打工！我的身价都有meiy的三倍！要是十万日元他能天天陪我双排我直接雇了！,陆知祺,"一天八万日元都少了，meiy在日本的人气就相当于康康在国内的人气，每次播都有2,3w人[来古-注意]",21,3,2026-09-14T11:40:00+08:00,,
bilibili,BV14HYC6XERP,【KMD】老乡meiy月薪才4k？不可能！那他不如去便利店打工！我的身价都有meiy的三倍！要是十万日元他能天天陪我双排我直接雇了！,留意好帅,在另一个时间线： 仁爱：亚服双排吗k神？ kmd:   我是神,19,1,2026-09-14T06:36:00+08:00,,
bilibili,BV14HYC6XERP,【KMD】老乡meiy月薪才4k？不可能！那他不如去便利店打工！我的身价都有meiy的三倍！要是十万日元他能天天陪我双排我直接雇了！,御坂01007号,他那个人气800w还有点说服力[无限暖暖_毛线汪汪],18,0,2026-09-14T06:46:00+08:00,,
bilibili,BV14HYC6XERP,【KMD】老乡meiy月薪才4k？不可能！那他不如去便利店打工！我的身价都有meiy的三倍！要是十万日元他能天天陪我双排我直接雇了！,Garou绝对之恶,其实是日入8万[doge_金箍],15,3,2026-09-14T09:54:00+08:00,,
bilibili,BV14HYC6XERP,【KMD】老乡meiy月薪才4k？不可能！那他不如去便利店打工！我的身价都有meiy的三倍！要是十万日元他能天天陪我双排我直接雇了！,听风起雨落i,日本k哥找个日一决来当二台很合理吧,12,0,2026-09-14T06:24:00+08:00,,
bilibili,BV14HYC6XERP,【KMD】老乡meiy月薪才4k？不可能！那他不如去便利店打工！我的身价都有meiy的三倍！要是十万日元他能天天陪我双排我直接雇了！,走过一下午的纬度,感觉是代言人费用？派世这个鼠标垫卖几个月就给他几个月钱然后分成另算，八万我都不知道怎么活下去,11,7,2026-09-14T06:48:00+08:00,,
bilibili,BV14HYC6XERP,【KMD】老乡meiy月薪才4k？不可能！那他不如去便利店打工！我的身价都有meiy的三倍！要是十万日元他能天天陪我双排我直接雇了！,Hamika_,就他日本第一人的咖位随便接个代言都几十万了吧,10,0,2026-09-14T06:38:00+08:00,,
bilibili,BV14HYC6XERP,【KMD】老乡meiy月薪才4k？不可能！那他不如去便利店打工！我的身价都有meiy的三倍！要是十万日元他能天天陪我双排我直接雇了！,wulei61616,Meiy超级火的在日本，之前直播人数热度基本上都是前几,10,3,2026-09-14T07:49:00+08:00,,
bilibili,BV14HYC6XERP,【KMD】老乡meiy月薪才4k？不可能！那他不如去便利店打工！我的身价都有meiy的三倍！要是十万日元他能天天陪我双排我直接雇了！,梦中深海丶,他播个ewc预选赛都有8w人看，你自己想下twitch上有8w人看他是啥概念,9,1,2026-09-14T09:10:00+08:00,,
bilibili,BV14HYC6XERP,【KMD】老乡meiy月薪才4k？不可能！那他不如去便利店打工！我的身价都有meiy的三倍！要是十万日元他能天天陪我双排我直接雇了！,Zippy30,联盟都是有最低薪资要求的，4K太假了，我看那个噔噔噔噔比赛选手最低薪资都2.5w。,9,0,2026-09-14T06:36:00+08:00,,
bilibili,BV14HYC6XERP,【KMD】老乡meiy月薪才4k？不可能！那他不如去便利店打工！我的身价都有meiy的三倍！要是十万日元他能天天陪我双排我直接雇了！,御火天灵,月薪八万不如找个工作了,7,0,2026-09-14T06:23:00+08:00,,
bilibili,BV14HYC6XERP,【KMD】老乡meiy月薪才4k？不可能！那他不如去便利店打工！我的身价都有meiy的三倍！要是十万日元他能天天陪我双排我直接雇了！,QQLLZZ66,日元相比之前是贬值不少了。现在八万日元，差不多三千五？三千五一个月，还是发达国家，你这是当学徒呢？你就是实习也得三千五，四千五的,6,0,2026-09-14T07:03:00+08:00,,
bilibili,BV14HYC6XERP,【KMD】老乡meiy月薪才4k？不可能！那他不如去便利店打工！我的身价都有meiy的三倍！要是十万日元他能天天陪我双排我直接雇了！,月の裏側の猫,就算是底薪也不可能这么低，收银员月薪都30个,5,0,2026-09-14T10:15:00+08:00,,
bilibili,BV14HYC6XERP,【KMD】老乡meiy月薪才4k？不可能！那他不如去便利店打工！我的身价都有meiy的三倍！要是十万日元他能天天陪我双排我直接雇了！,rollingdown111,Meiy来cn的话绝对有人要吧  前提是会说英语,5,12,2026-09-14T06:29:00+08:00,,
bilibili,BV14HYC6XERP,【KMD】老乡meiy月薪才4k？不可能！那他不如去便利店打工！我的身价都有meiy的三倍！要是十万日元他能天天陪我双排我直接雇了！,乐凡芙克,日本最终兵器来5fw也得打个箭[汤圆],3,0,2026-09-14T06:47:00+08:00,,
bilibili,BV14HYC6XERP,【KMD】老乡meiy月薪才4k？不可能！那他不如去便利店打工！我的身价都有meiy的三倍！要是十万日元他能天天陪我双排我直接雇了！,雪之下雪乃的雪乃,我怎么感觉k哥死斗比ddy准啊,2,0,2026-09-14T09:29:00+08:00,,
bilibili,BV14HYC6XERP,【KMD】老乡meiy月薪才4k？不可能！那他不如去便利店打工！我的身价都有meiy的三倍！要是十万日元他能天天陪我双排我直接雇了！,玉米红萝卜排骨汤-,三千多在国内生活都很拮据，在日本感觉更是活不下去,2,2,2026-09-14T07:08:00+08:00,,
bilibili,BV14HYC6XERP,【KMD】老乡meiy月薪才4k？不可能！那他不如去便利店打工！我的身价都有meiy的三倍！要是十万日元他能天天陪我双排我直接雇了！,腾飞雪绒,meiy月薪四千就和ddy月入四千一样离谱,1,0,2026-09-14T09:04:00+08:00,,
bilibili,BV14HYC6XERP,【KMD】老乡meiy月薪才4k？不可能！那他不如去便利店打工！我的身价都有meiy的三倍！要是十万日元他能天天陪我双排我直接雇了！,天空诉说,后面加俩零我都觉得正常,0,0,2026-09-14T09:49:00+08:00,,
bilibili,BV14HYC6XERP,【KMD】老乡meiy月薪才4k？不可能！那他不如去便利店打工！我的身价都有meiy的三倍！要是十万日元他能天天陪我双排我直接雇了！,隐约有浪声,四千块，那直接找来打全国大赛得了，把队里那个没用的外援换了[汤圆],0,0,2026-09-14T12:27:00+08:00,,
bilibili,BV14HYC6XERP,【KMD】老乡meiy月薪才4k？不可能！那他不如去便利店打工！我的身价都有meiy的三倍！要是十万日元他能天天陪我双排我直接雇了！,夏太太太太,那要踢谁[汤圆],5,0,2026-09-14T06:28:00+08:00,313929768945,
bilibili,BV14HYC6XERP,【KMD】老乡meiy月薪才4k？不可能！那他不如去便利店打工！我的身价都有meiy的三倍！要是十万日元他能天天陪我双排我直接雇了！,dnno大笨蛋,回复 @夏太太太太 :谁占外援名额踢谁[汤圆],184,0,2026-09-14T06:30:00+08:00,313929768945,
bilibili,BV14HYC6XERP,【KMD】老乡meiy月薪才4k？不可能！那他不如去便利店打工！我的身价都有meiy的三倍！要是十万日元他能天天陪我双排我直接雇了！,麻衣奈绪雪乃崛北,回复 @夏太太太太 : tJP入,4,0,2026-09-14T06:30:00+08:00,313929768945,
bilibili,BV14HYC6XERP,【KMD】老乡meiy月薪才4k？不可能！那他不如去便利店打工！我的身价都有meiy的三倍！要是十万日元他能天天陪我双排我直接雇了！,RRRRenk,回复 @dnno大笨蛋 :别带我bo518 瞄准教父节奏[doge],17,0,2026-09-14T06:36:00+08:00,313929768945,
bilibili,BV14HYC6XERP,【KMD】老乡meiy月薪才4k？不可能！那他不如去便利店打工！我的身价都有meiy的三倍！要是十万日元他能天天陪我双排我直接雇了！,-流年灬未亡-,明年双外援,1,0,2026-09-14T06:38:00+08:00,313929768945,
bilibili,BV14HYC6XERP,【KMD】老乡meiy月薪才4k？不可能！那他不如去便利店打工！我的身价都有meiy的三倍！要是十万日元他能天天陪我双排我直接雇了！,tobeborntolove,回复 @dnno大笨蛋 :明年双外援了[汤圆],5,0,2026-09-14T06:47:00+08:00,313929768945,
bilibili,BV14HYC6XERP,【KMD】老乡meiy月薪才4k？不可能！那他不如去便利店打工！我的身价都有meiy的三倍！要是十万日元他能天天陪我双排我直接雇了！,高松绿,三职业带不动两个灶台，现在还要四带一吗[汤圆],66,0,2026-09-14T06:55:00+08:00,313929768945,
bilibili,BV14HYC6XERP,【KMD】老乡meiy月薪才4k？不可能！那他不如去便利店打工！我的身价都有meiy的三倍！要是十万日元他能天天陪我双排我直接雇了！,R0xyy_,这个打全国大赛真是炸鱼玩[汤圆]打不过prx和t1还炸不动cn全国大赛？,25,0,2026-09-14T07:04:00+08:00,313929768945,
bilibili,BV14HYC6XERP,【KMD】老乡meiy月薪才4k？不可能！那他不如去便利店打工！我的身价都有meiy的三倍！要是十万日元他能天天陪我双排我直接雇了！,R0xyy_,回复 @夏太太太太 : 把笨奶踢了，四pro➕🚬神，护航队来了,1,0,2026-09-14T07:04:00+08:00,313929768945,
bilibili,BV14HYC6XERP,【KMD】老乡meiy月薪才4k？不可能！那他不如去便利店打工！我的身价都有meiy的三倍！要是十万日元他能天天陪我双排我直接雇了！,夏太太太太,回复 @R0xyy_ :23＞18,2,0,2026-09-14T07:13:00+08:00,313929768945,
bilibili,BV14HYC6XERP,【KMD】老乡meiy月薪才4k？不可能！那他不如去便利店打工！我的身价都有meiy的三倍！要是十万日元他能天天陪我双排我直接雇了！,听月白,1保4,19,0,2026-09-14T06:23:00+08:00,317420659728,
bilibili,BV14HYC6XERP,【KMD】老乡meiy月薪才4k？不可能！那他不如去便利店打工！我的身价都有meiy的三倍！要是十万日元他能天天陪我双排我直接雇了！,未完的星月赞美诗,哪个最终兵器来了也得 听我说听我说帮我打箭 啊,37,0,2026-09-14T06:27:00+08:00,317420659728,
bilibili,BV14HYC6XERP,【KMD】老乡meiy月薪才4k？不可能！那他不如去便利店打工！我的身价都有meiy的三倍！要是十万日元他能天天陪我双排我直接雇了！,叹姻缘婉转,回复 @未完的星月赞美诗 :有这个外援了 还要严格干嘛,0,0,2026-09-14T16:51:00+08:00,317420659728,
bilibili,BV14HYC6XERP,【KMD】老乡meiy月薪才4k？不可能！那他不如去便利店打工！我的身价都有meiy的三倍！要是十万日元他能天天陪我双排我直接雇了！,夏太太太太,再不来了[笑哭],9,0,2026-09-14T06:28:00+08:00,313929662689,
bilibili,BV14HYC6XERP,【KMD】老乡meiy月薪才4k？不可能！那他不如去便利店打工！我的身价都有meiy的三倍！要是十万日元他能天天陪我双排我直接雇了！,yyyy1ove_u,再看看吧,5,0,2026-09-14T06:29:00+08:00,313929662689,
bilibili,BV14HYC6XERP,【KMD】老乡meiy月薪才4k？不可能！那他不如去便利店打工！我的身价都有meiy的三倍！要是十万日元他能天天陪我双排我直接雇了！,风清影-,再看看吧,0,0,2026-09-14T06:32:00+08:00,313929662689,
bilibili,BV14HYC6XERP,【KMD】老乡meiy月薪才4k？不可能！那他不如去便利店打工！我的身价都有meiy的三倍！要是十万日元他能天天陪我双排我直接雇了！,树袋守夜熊,再看看吧,0,0,2026-09-14T06:46:00+08:00,313929662689,
bilibili,BV14HYC6XERP,【KMD】老乡meiy月薪才4k？不可能！那他不如去便利店打工！我的身价都有meiy的三倍！要是十万日元他能天天陪我双排我直接雇了！,JokerYell,再看看吧,0,0,2026-09-14T07:27:00+08:00,313929662689,
bilibili,BV14HYC6XERP,【KMD】老乡meiy月薪才4k？不可能！那他不如去便利店打工！我的身价都有meiy的三倍！要是十万日元他能天天陪我双排我直接雇了！,谷马由希,不来了[笑哭],2,0,2026-09-14T07:58:00+08:00,313929662689,
bilibili,BV14HYC6XERP,【KMD】老乡meiy月薪才4k？不可能！那他不如去便利店打工！我的身价都有meiy的三倍！要是十万日元他能天天陪我双排我直接雇了！,gcxs,可是彦k双排也无法永恒,0,0,2026-09-14T08:33:00+08:00,313929662689,
bilibili,BV14HYC6XERP,【KMD】老乡meiy月薪才4k？不可能！那他不如去便利店打工！我的身价都有meiy的三倍！要是十万日元他能天天陪我双排我直接雇了！,Dear_Mr_Cognitio,不来了[笑哭],0,0,2026-09-14T09:56:00+08:00,313929662689,
bilibili,BV14HYC6XERP,【KMD】老乡meiy月薪才4k？不可能！那他不如去便利店打工！我的身价都有meiy的三倍！要是十万日元他能天天陪我双排我直接雇了！,Kbr溴化钾,再看看吧,1,0,2026-09-14T06:57:00+08:00,317420631296,
bilibili,BV14HYC6XERP,【KMD】老乡meiy月薪才4k？不可能！那他不如去便利店打工！我的身价都有meiy的三倍！要是十万日元他能天天陪我双排我直接雇了！,evesjx,假的，拳头规定年薪最低太平洋最低工资标准差不多 40 万人民币一年，他在日本估计拿的还不是最低工资,65,0,2026-09-14T08:06:00+08:00,313936493217,
bilibili,BV14HYC6XERP,【KMD】老乡meiy月薪才4k？不可能！那他不如去便利店打工！我的身价都有meiy的三倍！要是十万日元他能天天陪我双排我直接雇了！,YeZyzy,回复 @evesjx :他绝对的顶薪，而且他开播的热度也是日本前十,33,0,2026-09-14T08:10:00+08:00,313936493217,
bilibili,BV14HYC6XERP,【KMD】老乡meiy月薪才4k？不可能！那他不如去便利店打工！我的身价都有meiy的三倍！要是十万日元他能天天陪我双排我直接雇了！,公大胸无义女,回复 @evesjx :他开播收收米一天几十个四千,5,0,2026-09-14T08:18:00+08:00,313936493217,
bilibili,BV14HYC6XERP,【KMD】老乡meiy月薪才4k？不可能！那他不如去便利店打工！我的身价都有meiy的三倍！要是十万日元他能天天陪我双排我直接雇了！,竖琴海豹大王,回复 @evesjx :日本第一人在太平洋都算工资高的了,0,0,2026-09-14T08:31:00+08:00,313936493217,
bilibili,BV14HYC6XERP,【KMD】老乡meiy月薪才4k？不可能！那他不如去便利店打工！我的身价都有meiy的三倍！要是十万日元他能天天陪我双排我直接雇了！,老年常青树,其实是他自己打嘴炮说的8万（）,0,0,2026-09-14T21:19:00+08:00,313936493217,
bilibili,BV14HYC6XERP,【KMD】老乡meiy月薪才4k？不可能！那他不如去便利店打工！我的身价都有meiy的三倍！要是十万日元他能天天陪我双排我直接雇了！,ZeldaBest,meiy这个级别8w基础工资都有点少了吧,40,0,2026-09-14T07:12:00+08:00,313931676561,
bilibili,BV14HYC6XERP,【KMD】老乡meiy月薪才4k？不可能！那他不如去便利店打工！我的身价都有meiy的三倍！要是十万日元他能天天陪我双排我直接雇了！,Tomorio,回复 @ZeldaBest :大概率是避税呗，低工资高奖金或者有干脆是分红,7,0,2026-09-14T08:23:00+08:00,313931676561,
bilibili,BV14HYC6XERP,【KMD】老乡meiy月薪才4k？不可能！那他不如去便利店打工！我的身价都有meiy的三倍！要是十万日元他能天天陪我双排我直接雇了！,不太多-,不可能的兄弟，这基础工资相当于比东京最低薪资还要低得多,1,0,2026-09-14T10:15:00+08:00,313931676561,
bilibili,BV14HYC6XERP,【KMD】老乡meiy月薪才4k？不可能！那他不如去便利店打工！我的身价都有meiy的三倍！要是十万日元他能天天陪我双排我直接雇了！,桜野かれみ,基础薪资8w日元也太nm少了吧,0,0,2026-09-14T20:14:00+08:00,313931676561,
bilibili,BV14HYC6XERP,【KMD】老乡meiy月薪才4k？不可能！那他不如去便利店打工！我的身价都有meiy的三倍！要是十万日元他能天天陪我双排我直接雇了！,狗儿天帝,yu大姐的烟钱,5,0,2026-09-14T06:45:00+08:00,313929738657,
bilibili,BV14HYC6XERP,【KMD】老乡meiy月薪才4k？不可能！那他不如去便利店打工！我的身价都有meiy的三倍！要是十万日元他能天天陪我双排我直接雇了！,里奥-儒-哟西,那更夸张了，日本多少中国多少人,1,0,2026-09-14T23:21:00+08:00,313955447217,
bilibili,BV14HYC6XERP,【KMD】老乡meiy月薪才4k？不可能！那他不如去便利店打工！我的身价都有meiy的三倍！要是十万日元他能天天陪我双排我直接雇了！,返祖现象临床观察员,回复 @里奥-儒-哟西 :Siuuuuuuuuu,0,0,2026-09-15T00:10:00+08:00,313955447217,
bilibili,BV14HYC6XERP,【KMD】老乡meiy月薪才4k？不可能！那他不如去便利店打工！我的身价都有meiy的三倍！要是十万日元他能天天陪我双排我直接雇了！,陆知祺,回复 @里奥-儒-哟西 :因为不止日本人看他直播，我也看了几次，很厉害，还有他在日本人气真的高[来古-注意],0,0,2026-09-15T02:11:00+08:00,313955447217,
bilibili,BV14HYC6XERP,【KMD】老乡meiy月薪才4k？不可能！那他不如去便利店打工！我的身价都有meiy的三倍！要是十万日元他能天天陪我双排我直接雇了！,DR_N1cK,不是👴🏻是神?,0,0,2026-09-14T07:44:00+08:00,313930640753,
bilibili,BV14HYC6XERP,【KMD】老乡meiy月薪才4k？不可能！那他不如去便利店打工！我的身价都有meiy的三倍！要是十万日元他能天天陪我双排我直接雇了！,鲨鱼的皮衣,这倒合理了,2,0,2026-09-14T11:25:00+08:00,317436868656,
bilibili,BV14HYC6XERP,【KMD】老乡meiy月薪才4k？不可能！那他不如去便利店打工！我的身价都有meiy的三倍！要是十万日元他能天天陪我双排我直接雇了！,美電球_,半天8万吧 只算派世的加盟费和分成都不止这个数了,3,0,2026-09-14T11:29:00+08:00,317436868656,
bilibili,BV14HYC6XERP,【KMD】老乡meiy月薪才4k？不可能！那他不如去便利店打工！我的身价都有meiy的三倍！要是十万日元他能天天陪我双排我直接雇了！,YuriとRui,工资有可能，算上直播礼物之类的就应该不止了，他播瓦同接都能有3w往上,0,0,2026-09-14T11:35:00+08:00,317436868656,
bilibili,BV14HYC6XERP,【KMD】老乡meiy月薪才4k？不可能！那他不如去便利店打工！我的身价都有meiy的三倍！要是十万日元他能天天陪我双排我直接雇了！,走过一下午的纬度,真挣这点钱牢meiy就不用犹豫要不要退役了,10,0,2026-09-14T06:49:00+08:00,317422468544,
bilibili,BV14HYC6XERP,【KMD】老乡meiy月薪才4k？不可能！那他不如去便利店打工！我的身价都有meiy的三倍！要是十万日元他能天天陪我双排我直接雇了！,FREAINI7,我感觉是这个垫子品牌方结的费用吧，毕竟瓦是有拳头监管的,0,0,2026-09-14T06:58:00+08:00,317422468544,
bilibili,BV14HYC6XERP,【KMD】老乡meiy月薪才4k？不可能！那他不如去便利店打工！我的身价都有meiy的三倍！要是十万日元他能天天陪我双排我直接雇了！,魏璎凤鸣,看那个切片的有人说meiy在东京租的房子都要25w一个月，肯定只是最基础的工资，别的都没加,0,0,2026-09-14T07:51:00+08:00,317422468544,
bilibili,BV14HYC6XERP,【KMD】老乡meiy月薪才4k？不可能！那他不如去便利店打工！我的身价都有meiy的三倍！要是十万日元他能天天陪我双排我直接雇了！,TiWiTe,所谓幸福…,0,0,2026-09-14T08:51:00+08:00,317422468544,
bilibili,BV14HYC6XERP,【KMD】老乡meiy月薪才4k？不可能！那他不如去便利店打工！我的身价都有meiy的三倍！要是十万日元他能天天陪我双排我直接雇了！,网友草顺虫,回复 @魏璎凤鸣 : 25w一个月在东京还蛮正常的，8w这个数字感觉像转译来的rmb,0,0,2026-09-14T10:02:00+08:00,317422468544,
bilibili,BV14HYC6XERP,【KMD】老乡meiy月薪才4k？不可能！那他不如去便利店打工！我的身价都有meiy的三倍！要是十万日元他能天天陪我双排我直接雇了！,gt阿吧,代言+联名一般是单笔+分成,0,0,2026-09-14T10:21:00+08:00,317422468544,
bilibili,BV14HYC6XERP,【KMD】老乡meiy月薪才4k？不可能！那他不如去便利店打工！我的身价都有meiy的三倍！要是十万日元他能天天陪我双排我直接雇了！,魏璎凤鸣,回复 @网友草顺虫 :并不是，其实这个问题来源于一个新烤的切片，meiy联名玻璃垫大概17000日元，但是meiy想让厂家再提高一点价格让自己多赚点钱，切片里说自己对不住大家但是自己工资只有8w日元之类云云,1,0,2026-09-14T15:01:00+08:00,317422468544,
bilibili,BV14HYC6XERP,【KMD】老乡meiy月薪才4k？不可能！那他不如去便利店打工！我的身价都有meiy的三倍！要是十万日元他能天天陪我双排我直接雇了！,魏璎凤鸣,对标的就是中国的kk，jp瓦第一人了,15,0,2026-09-14T07:50:00+08:00,313935690529,
bilibili,BV14HYC6XERP,【KMD】老乡meiy月薪才4k？不可能！那他不如去便利店打工！我的身价都有meiy的三倍！要是十万日元他能天天陪我双排我直接雇了！,wulei61616,回复 @魏璎凤鸣 :Zeta那几个更算老edg吧，meiy属于lizhi线的康康了,0,0,2026-09-14T07:51:00+08:00,313935690529,
bilibili,BV14HYC6XERP,【KMD】老乡meiy月薪才4k？不可能！那他不如去便利店打工！我的身价都有meiy的三倍！要是十万日元他能天天陪我双排我直接雇了！,安思澈,回复 @wulei61616 :怎么说呢，老zeta热度最高的也是laz和dep，但是这俩退役的一段时间重心应该没在直播上或者效果不好没怎么特别火，亚洲本身很多地方fps就比较贫瘠，jp最火的就是apex和瓦，尤其是瓦比赛办得好所以看的人越来越多了，这个时候出来个meiy长得也还可以打的又吊，jp那边看瓦的基本上就是meiy粉或者很认可他的，说一句地位和康哥差不多也没问题，都是各个地区最好的那个选手，一开始老EDG其他四个也是世界赛水平，只不过康哥基本一直保持着争冠水准。jp dfm那几个都是神经刀，除了梅姨有联赛顶级水准都是中游或者中下水平，类比一下还真差不多,3,0,2026-09-14T07:56:00+08:00,313935690529,
bilibili,BV14HYC6XERP,【KMD】老乡meiy月薪才4k？不可能！那他不如去便利店打工！我的身价都有meiy的三倍！要是十万日元他能天天陪我双排我直接雇了！,梦兮丶泪成痕,好像是ENC？打赢小肥中国香港队的那把[鸣潮_哇],0,0,2026-09-14T13:39:00+08:00,313941528657,
bilibili,BV14HYC6XERP,【KMD】老乡meiy月薪才4k？不可能！那他不如去便利店打工！我的身价都有meiy的三倍！要是十万日元他能天天陪我双排我直接雇了！,凌之诗,其实日本人学中文比学英语更快,20,0,2026-09-14T07:13:00+08:00,317421095952,
bilibili,BV14HYC6XERP,【KMD】老乡meiy月薪才4k？不可能！那他不如去便利店打工！我的身价都有meiy的三倍！要是十万日元他能天天陪我双排我直接雇了！,晓窗读易,日本人不会英语？,0,0,2026-09-14T07:31:00+08:00,317421095952,
bilibili,BV14HYC6XERP,【KMD】老乡meiy月薪才4k？不可能！那他不如去便利店打工！我的身价都有meiy的三倍！要是十万日元他能天天陪我双排我直接雇了！,_犹如幻翳_,回复 @晓窗读易 :一定会吗 ?,0,0,2026-09-14T08:27:00+08:00,317421095952,
bilibili,BV14HYC6XERP,【KMD】老乡meiy月薪才4k？不可能！那他不如去便利店打工！我的身价都有meiy的三倍！要是十万日元他能天天陪我双排我直接雇了！,竖琴海豹大王,回复 @_犹如幻翳_ :不会英文交流打亚服吗[星星眼],0,0,2026-09-14T08:32:00+08:00,317421095952,
bilibili,BV14HYC6XERP,【KMD】老乡meiy月薪才4k？不可能！那他不如去便利店打工！我的身价都有meiy的三倍！要是十万日元他能天天陪我双排我直接雇了！,青柠檬的灯,回复 @晓窗读易 :日本人英语很好吗？,1,0,2026-09-14T08:33:00+08:00,317421095952,
bilibili,BV14HYC6XERP,【KMD】老乡meiy月薪才4k？不可能！那他不如去便利店打工！我的身价都有meiy的三倍！要是十万日元他能天天陪我双排我直接雇了！,rollingdown111,回复 @晓窗读易 :他不会啊。。。,0,0,2026-09-14T08:46:00+08:00,317421095952,
bilibili,BV14HYC6XERP,【KMD】老乡meiy月薪才4k？不可能！那他不如去便利店打工！我的身价都有meiy的三倍！要是十万日元他能天天陪我双排我直接雇了！,エミリアofficial,回复 @竖琴海豹大王 :开日服节点不就行了，以防你不知道日服还歧视说英语的,1,0,2026-09-14T09:15:00+08:00,317421095952,
bilibili,BV14HYC6XERP,【KMD】老乡meiy月薪才4k？不可能！那他不如去便利店打工！我的身价都有meiy的三倍！要是十万日元他能天天陪我双排我直接雇了！,风野左,学中文更快,1,0,2026-09-14T09:22:00+08:00,317421095952,
bilibili,BV14HYC6XERP,【KMD】老乡meiy月薪才4k？不可能！那他不如去便利店打工！我的身价都有meiy的三倍！要是十万日元他能天天陪我双排我直接雇了！,彼得伊里奇柴cough斯基,有本土舆论压力吧，他在那边挺火的，就像太平洋队要买康康国内观众也不会答应一样,4,0,2026-09-14T09:27:00+08:00,317421095952,
bilibili,BV14HYC6XERP,【KMD】老乡meiy月薪才4k？不可能！那他不如去便利店打工！我的身价都有meiy的三倍！要是十万日元他能天天陪我双排我直接雇了！,祓禊花喰御前,他去国外呆过一阵子后面回国说不习惯国外生活，而且他本人也想带jp瓦进世界赛,0,0,2026-09-14T10:33:00+08:00,317421095952,
bilibili,BV14HYC6XERP,【KMD】老乡meiy月薪才4k？不可能！那他不如去便利店打工！我的身价都有meiy的三倍！要是十万日元他能天天陪我双排我直接雇了！,电刀韦鲁斯,光一个房租就不够了，应该有其他收入的，三千多在日本，算你住父母家里面，然后生活用品也是用自己家里的，那三千多刚刚好够伙食费的[笑哭],2,0,2026-09-14T07:14:00+08:00,313932744129,
bilibili,BV14HYC6XERP,【KMD】老乡meiy月薪才4k？不可能！那他不如去便利店打工！我的身价都有meiy的三倍！要是十万日元他能天天陪我双排我直接雇了！,桜野かれみ,住桥洞可能够吧[笑哭],0,0,2026-09-14T20:16:00+08:00,313932744129,
bilibili,BV1yYYe6WE1P,【大东彦】打国服也能遇到种族歧视，国服天梯遇0交流钱包也不报点！他是外国人！彦哥完美预判这应该是陪玩店！,网友kdb,yuko那句冷知识阉割也是外国人笑死我了,171,0,2026-09-13T10:39:00+08:00,,
bilibili,BV1yYYe6WE1P,【大东彦】打国服也能遇到种族歧视，国服天梯遇0交流钱包也不报点！他是外国人！彦哥完美预判这应该是陪玩店！,VCT-EDG-ZmJJKK,看懂了吗兄弟们[doge],167,6,2026-09-13T10:55:00+08:00,,
bilibili,BV1yYYe6WE1P,【大东彦】打国服也能遇到种族歧视，国服天梯遇0交流钱包也不报点！他是外国人！彦哥完美预判这应该是陪玩店！,小橘小橘橘子冰,dy梦醒电竞,74,4,2026-09-13T10:37:00+08:00,,
bilibili,BV1yYYe6WE1P,【大东彦】打国服也能遇到种族歧视，国服天梯遇0交流钱包也不报点！他是外国人！彦哥完美预判这应该是陪玩店！,朕即嬴政,冷知识，大东彦也是外国人,58,6,2026-09-13T10:34:00+08:00,,
bilibili,BV1yYYe6WE1P,【大东彦】打国服也能遇到种族歧视，国服天梯遇0交流钱包也不报点！他是外国人！彦哥完美预判这应该是陪玩店！,魅惑奥拇,[喜极而泣][喜极而泣][喜极而泣],35,4,2026-09-13T11:26:00+08:00,,
bilibili,BV1yYYe6WE1P,【大东彦】打国服也能遇到种族歧视，国服天梯遇0交流钱包也不报点！他是外国人！彦哥完美预判这应该是陪玩店！,Map1e04,也够房管还发红色sc,26,0,2026-09-13T10:50:00+08:00,,
bilibili,BV1yYYe6WE1P,【大东彦】打国服也能遇到种族歧视，国服天梯遇0交流钱包也不报点！他是外国人！彦哥完美预判这应该是陪玩店！,春-意盎-然,刚才那个骂yuko的评论咋删了,23,3,2026-09-13T10:38:00+08:00,,
bilibili,BV1yYYe6WE1P,【大东彦】打国服也能遇到种族歧视，国服天梯遇0交流钱包也不报点！他是外国人！彦哥完美预判这应该是陪玩店！,起雾舞,我看了一圈，怎么都只骂这个钱包，难道这个捷风的冯不该飞么[汤圆],19,1,2026-09-13T17:19:00+08:00,,
bilibili,BV1yYYe6WE1P,【大东彦】打国服也能遇到种族歧视，国服天梯遇0交流钱包也不报点！他是外国人！彦哥完美预判这应该是陪玩店！,ccy永远喜欢影贴贴,冷知识以前ddy队友不开麦他护队友说你没玩过亚服吗亚服都不说话的[笑哭],16,3,2026-09-13T13:45:00+08:00,,
bilibili,BV1yYYe6WE1P,【大东彦】打国服也能遇到种族歧视，国服天梯遇0交流钱包也不报点！他是外国人！彦哥完美预判这应该是陪玩店！,sumimi的Uika本人,这老外一眼那种特别歧视cn赛区的老外[喜极而泣],9,0,2026-09-13T11:54:00+08:00,,
bilibili,BV1yYYe6WE1P,【大东彦】打国服也能遇到种族歧视，国服天梯遇0交流钱包也不报点！他是外国人！彦哥完美预判这应该是陪玩店！,syncupxd,有没有可能钱包是kovaQ,8,0,2026-09-13T19:23:00+08:00,,
bilibili,BV1yYYe6WE1P,【大东彦】打国服也能遇到种族歧视，国服天梯遇0交流钱包也不报点！他是外国人！彦哥完美预判这应该是陪玩店！,不知道在忙什么的鳗鱼,dy梦醒电竞,8,0,2026-09-13T10:36:00+08:00,,
bilibili,BV1yYYe6WE1P,【大东彦】打国服也能遇到种族歧视，国服天梯遇0交流钱包也不报点！他是外国人！彦哥完美预判这应该是陪玩店！,路过的小韩,大概率是hk或者4V，更倾向于4V，4V最喜欢在cn里福建和4V身份自由切换,7,0,2026-09-13T13:54:00+08:00,,
bilibili,BV1yYYe6WE1P,【大东彦】打国服也能遇到种族歧视，国服天梯遇0交流钱包也不报点！他是外国人！彦哥完美预判这应该是陪玩店！,0wAt3r1a,kys啥意思啊,7,7,2026-09-13T10:37:00+08:00,,
bilibili,BV1yYYe6WE1P,【大东彦】打国服也能遇到种族歧视，国服天梯遇0交流钱包也不报点！他是外国人！彦哥完美预判这应该是陪玩店！,真的是朝夢,为什么ddy骂人有一种又想强硬又很怂的感觉[笑哭],6,5,2026-09-13T11:38:00+08:00,,
bilibili,BV1yYYe6WE1P,【大东彦】打国服也能遇到种族歧视，国服天梯遇0交流钱包也不报点！他是外国人！彦哥完美预判这应该是陪玩店！,还同春夏秋,我觉得anno就不会突然结束……,4,0,2026-09-13T10:52:00+08:00,,
bilibili,BV1yYYe6WE1P,【大东彦】打国服也能遇到种族歧视，国服天梯遇0交流钱包也不报点！他是外国人！彦哥完美预判这应该是陪玩店！,SF-庭月,有没有省流，我看直播的时候看了几眼看对面xdy一直在骂这边jett,3,1,2026-09-13T11:19:00+08:00,,
bilibili,BV1yYYe6WE1P,【大东彦】打国服也能遇到种族歧视，国服天梯遇0交流钱包也不报点！他是外国人！彦哥完美预判这应该是陪玩店！,老白嫖_,我觉得anno就不会突然结束……,1,0,2026-09-13T12:05:00+08:00,,
bilibili,BV1yYYe6WE1P,【大东彦】打国服也能遇到种族歧视，国服天梯遇0交流钱包也不报点！他是外国人！彦哥完美预判这应该是陪玩店！,砚墨碎星,7:20,1,0,2026-09-13T11:00:00+08:00,,
bilibili,BV1yYYe6WE1P,【大东彦】打国服也能遇到种族歧视，国服天梯遇0交流钱包也不报点！他是外国人！彦哥完美预判这应该是陪玩店！,要远飞,all g啥意思,1,5,2026-09-13T12:30:00+08:00,,
bilibili,BV1yYYe6WE1P,【大东彦】打国服也能遇到种族歧视，国服天梯遇0交流钱包也不报点！他是外国人！彦哥完美预判这应该是陪玩店！,-Marcovaldo-,retard 学到了[doge],0,0,2026-09-14T12:32:00+08:00,,
bilibili,BV1yYYe6WE1P,【大东彦】打国服也能遇到种族歧视，国服天梯遇0交流钱包也不报点！他是外国人！彦哥完美预判这应该是陪玩店！,1029237,他ping 怎麼這麼低,0,0,2026-09-14T16:10:00+08:00,,
bilibili,BV1yYYe6WE1P,【大东彦】打国服也能遇到种族歧视，国服天梯遇0交流钱包也不报点！他是外国人！彦哥完美预判这应该是陪玩店！,孤魂野鬼不需要坟,骂人才爽啊，这游戏不骂人怎么玩？,0,0,2026-09-14T03:27:00+08:00,,
bilibili,BV1yYYe6WE1P,【大东彦】打国服也能遇到种族歧视，国服天梯遇0交流钱包也不报点！他是外国人！彦哥完美预判这应该是陪玩店！,拾玖my,国服天才少年这么多来国服打单是想不开吗[doge],0,0,2026-09-14T03:09:00+08:00,,
bilibili,BV1yYYe6WE1P,【大东彦】打国服也能遇到种族歧视，国服天梯遇0交流钱包也不报点！他是外国人！彦哥完美预判这应该是陪玩店！,宣武力丹,冷知识这把甚至加时两把[星星眼],0,0,2026-09-13T11:16:00+08:00,,
bilibili,BV1yYYe6WE1P,【大东彦】打国服也能遇到种族歧视，国服天梯遇0交流钱包也不报点！他是外国人！彦哥完美预判这应该是陪玩店！,三十QwQ,我觉得anno就不会切的这么快[无限暖暖_毛线汪汪],0,0,2026-09-13T10:45:00+08:00,,
bilibili,BV1yYYe6WE1P,【大东彦】打国服也能遇到种族歧视，国服天梯遇0交流钱包也不报点！他是外国人！彦哥完美预判这应该是陪玩店！,我枧青山,哈哈，那无敌了,4,0,2026-09-13T11:30:00+08:00,317341245472,
bilibili,BV1yYYe6WE1P,【大东彦】打国服也能遇到种族歧视，国服天梯遇0交流钱包也不报点！他是外国人！彦哥完美预判这应该是陪玩店！,青柠檬的灯,神探啊👀,3,0,2026-09-13T11:49:00+08:00,317341245472,
bilibili,BV1yYYe6WE1P,【大东彦】打国服也能遇到种族歧视，国服天梯遇0交流钱包也不报点！他是外国人！彦哥完美预判这应该是陪玩店！,快看天上有小怪兽,赚钱嘛。不寒碜dy的花钱就能请cxy帮忙说一句[doge],4,0,2026-09-13T12:13:00+08:00,317341245472,
bilibili,BV1yYYe6WE1P,【大东彦】打国服也能遇到种族歧视，国服天梯遇0交流钱包也不报点！他是外国人！彦哥完美预判这应该是陪玩店！,烩饭_,破案了,0,0,2026-09-13T12:21:00+08:00,317341245472,
bilibili,BV1yYYe6WE1P,【大东彦】打国服也能遇到种族歧视，国服天梯遇0交流钱包也不报点！他是外国人！彦哥完美预判这应该是陪玩店！,Steve-l,回复 @快看天上有小怪兽 :普通商单哪会说好兄弟，明显有熟人,2,0,2026-09-13T13:44:00+08:00,317341245472,
bilibili,BV1yYYe6WE1P,【大东彦】打国服也能遇到种族歧视，国服天梯遇0交流钱包也不报点！他是外国人！彦哥完美预判这应该是陪玩店！,枪之恶魔燕2鹰,回复 @Steve-l :呃也够拿到钱都是兄弟,6,0,2026-09-13T14:19:00+08:00,317341245472,
bilibili,BV1yYYe6WE1P,【大东彦】打国服也能遇到种族歧视，国服天梯遇0交流钱包也不报点！他是外国人！彦哥完美预判这应该是陪玩店！,改名为神魔要硬币啊,咋知道的啊 我看完了没发现这个名字,1,0,2026-09-13T10:51:00+08:00,317339384096,
bilibili,BV1yYYe6WE1P,【大东彦】打国服也能遇到种族歧视，国服天梯遇0交流钱包也不报点！他是外国人！彦哥完美预判这应该是陪玩店！,小橘小橘橘子冰,回复 @改名为神魔要硬币啊 :直播的捷风id,5,0,2026-09-13T10:54:00+08:00,317339384096,
bilibili,BV1yYYe6WE1P,【大东彦】打国服也能遇到种族歧视，国服天梯遇0交流钱包也不报点！他是外国人！彦哥完美预判这应该是陪玩店！,小橘小橘橘子冰,回复 @改名为神魔要硬币啊 :最后结算的时候看到的 我在直播间,0,0,2026-09-13T10:54:00+08:00,317339384096,
bilibili,BV1yYYe6WE1P,【大东彦】打国服也能遇到种族歧视，国服天梯遇0交流钱包也不报点！他是外国人！彦哥完美预判这应该是陪玩店！,改名为神魔要硬币啊,回复 @小橘小橘橘子冰 :原来如此 开爆,0,0,2026-09-13T11:00:00+08:00,317339384096,
bilibili,BV1yYYe6WE1P,【大东彦】打国服也能遇到种族歧视，国服天梯遇0交流钱包也不报点！他是外国人！彦哥完美预判这应该是陪玩店！,幽门螺旋杆菌菌,冷知识，韩国在亚洲,16,0,2026-09-13T10:39:00+08:00,317339004400,
bilibili,BV1yYYe6WE1P,【大东彦】打国服也能遇到种族歧视，国服天梯遇0交流钱包也不报点！他是外国人！彦哥完美预判这应该是陪玩店！,Ya_Nami-,回复 @南無阿彌陀 :韩国在亚洲又怎样，法国还在欧洲说的不也是法语？美国在北美说的不也是英语，但是你到了国服不就得说中文？再怎么说两句简单的英语也行吧，标点+there都行啊，不说话什么意思,6,0,2026-09-13T10:44:00+08:00,317339004400,
bilibili,BV1yYYe6WE1P,【大东彦】打国服也能遇到种族歧视，国服天梯遇0交流钱包也不报点！他是外国人！彦哥完美预判这应该是陪玩店！,好久不下雨_,回复 @Ya_Nami- :他意思很明显是钱包喷亚洲不仅仅是喷中国啊，所以就算ddy是韩国人也被喷了啊,26,0,2026-09-13T10:48:00+08:00,317339004400,
bilibili,BV1yYYe6WE1P,【大东彦】打国服也能遇到种族歧视，国服天梯遇0交流钱包也不报点！他是外国人！彦哥完美预判这应该是陪玩店！,无默笙箫,回复 @Ya_Nami- :他是说种族歧视也歧视到了kr，kr也是亚洲的。当然如果只歧视cn 彦哥也会暴力攻击他的,1,0,2026-09-13T11:40:00+08:00,317339004400,
bilibili,BV1yYYe6WE1P,【大东彦】打国服也能遇到种族歧视，国服天梯遇0交流钱包也不报点！他是外国人！彦哥完美预判这应该是陪玩店！,浮云彼端,只是国籍是kr而已，自我认同还是cn,0,0,2026-09-13T11:57:00+08:00,317339004400,
bilibili,BV1yYYe6WE1P,【大东彦】打国服也能遇到种族歧视，国服天梯遇0交流钱包也不报点！他是外国人！彦哥完美预判这应该是陪玩店！,pk-zx,回复 @浮云彼端 :那恰恰相反，只能说习惯待在中国,0,0,2026-09-13T15:38:00+08:00,317339004400,
bilibili,BV1yYYe6WE1P,【大东彦】打国服也能遇到种族歧视，国服天梯遇0交流钱包也不报点！他是外国人！彦哥完美预判这应该是陪玩店！,哦耶彦彦的怒,加个塞,5,0,2026-09-13T11:42:00+08:00,313857176129,
bilibili,BV1yYYe6WE1P,【大东彦】打国服也能遇到种族歧视，国服天梯遇0交流钱包也不报点！他是外国人！彦哥完美预判这应该是陪玩店！,染崎゛,山东神探,0,0,2026-09-13T11:49:00+08:00,313857176129,
bilibili,BV1yYYe6WE1P,【大东彦】打国服也能遇到种族歧视，国服天梯遇0交流钱包也不报点！他是外国人！彦哥完美预判这应该是陪玩店！,fuer福尔,这下看懂了[星星眼],1,0,2026-09-13T11:59:00+08:00,313857176129,
bilibili,BV1yYYe6WE1P,【大东彦】打国服也能遇到种族歧视，国服天梯遇0交流钱包也不报点！他是外国人！彦哥完美预判这应该是陪玩店！,飒枫砜,破案,0,0,2026-09-13T11:59:00+08:00,313857176129,
bilibili,BV1yYYe6WE1P,【大东彦】打国服也能遇到种族歧视，国服天梯遇0交流钱包也不报点！他是外国人！彦哥完美预判这应该是陪玩店！,有利可图的纸巾,还有人骂🐏？,8,0,2026-09-13T10:39:00+08:00,317339459344,
bilibili,BV1yYYe6WE1P,【大东彦】打国服也能遇到种族歧视，国服天梯遇0交流钱包也不报点！他是外国人！彦哥完美预判这应该是陪玩店！,春-意盎-然,回复 @有利可图的纸巾 :说对面捷风帮自家说话还这么想吃分,22,0,2026-09-13T10:40:00+08:00,317339459344,
bilibili,BV1yYYe6WE1P,【大东彦】打国服也能遇到种族歧视，国服天梯遇0交流钱包也不报点！他是外国人！彦哥完美预判这应该是陪玩店！,Talinnnn,[笑哭]我刚想喷他 他删了,0,0,2026-09-13T10:40:00+08:00,317339459344,
bilibili,BV1yYYe6WE1P,【大东彦】打国服也能遇到种族歧视，国服天梯遇0交流钱包也不报点！他是外国人！彦哥完美预判这应该是陪玩店！,不_中奖不改名,都飞,4,0,2026-09-14T04:16:00+08:00,313891250913,
bilibili,BV1yYYe6WE1P,【大东彦】打国服也能遇到种族歧视，国服天梯遇0交流钱包也不报点！他是外国人！彦哥完美预判这应该是陪玩店！,是人类呀-,你得看队友正不正常玩儿，你看这个钱包是正常玩吗？而且那一次那个队友不说话，是因为另一个队友是压力怪，他被压力了之后才不说话的，一开始正常报点的。  还有搁这岁月史书的。,7,0,2026-09-14T04:15:00+08:00,313871832225,
bilibili,BV1yYYe6WE1P,【大东彦】打国服也能遇到种族歧视，国服天梯遇0交流钱包也不报点！他是外国人！彦哥完美预判这应该是陪玩店！,要远飞,大哥，麦都关了和不说话是一个概念吗，视频看完再发评论好不好,4,0,2026-09-14T04:18:00+08:00,313871832225,
bilibili,BV1yYYe6WE1P,【大东彦】打国服也能遇到种族歧视，国服天梯遇0交流钱包也不报点！他是外国人！彦哥完美预判这应该是陪玩店！,你的布偶,不想说话标点会吧。标点都懒得标。,0,0,2026-09-14T14:57:00+08:00,313871832225,
bilibili,BV1yYYe6WE1P,【大东彦】打国服也能遇到种族歧视，国服天梯遇0交流钱包也不报点！他是外国人！彦哥完美预判这应该是陪玩店！,waIkingwind,k@ll yourself，英语里面算骂的比较难听的了,10,0,2026-09-13T10:41:00+08:00,317339267728,
bilibili,BV1yYYe6WE1P,【大东彦】打国服也能遇到种族歧视，国服天梯遇0交流钱包也不报点！他是外国人！彦哥完美预判这应该是陪玩店！,吃kfc我不点套餐,回复 @waIkingwind :这种只要公屏打出来欧服绝对要封号的，一般是三天,1,0,2026-09-13T13:14:00+08:00,317339267728,
bilibili,BV1yYYe6WE1P,【大东彦】打国服也能遇到种族歧视，国服天梯遇0交流钱包也不报点！他是外国人！彦哥完美预判这应该是陪玩店！,0wAt3r1a,回复 @waIkingwind :噢噢这样[笑哭][笑哭],0,0,2026-09-13T13:22:00+08:00,317339267728,
bilibili,BV1yYYe6WE1P,【大东彦】打国服也能遇到种族歧视，国服天梯遇0交流钱包也不报点！他是外国人！彦哥完美预判这应该是陪玩店！,0wAt3r1a,回复 @waIkingwind :难听在哪[笑哭]白狗的攻击力还是太弱了,4,0,2026-09-13T13:22:00+08:00,317339267728,
bilibili,BV1yYYe6WE1P,【大东彦】打国服也能遇到种族歧视，国服天梯遇0交流钱包也不报点！他是外国人！彦哥完美预判这应该是陪玩店！,云画的鱼,单杀嘛[doge],0,0,2026-09-13T13:34:00+08:00,317339267728,
bilibili,BV1yYYe6WE1P,【大东彦】打国服也能遇到种族歧视，国服天梯遇0交流钱包也不报点！他是外国人！彦哥完美预判这应该是陪玩店！,Cozyoi,回复 @0wAt3r1a :红脖子骂人就这样，不是有点格调就是紫砂，最多带点motherf*cker，根本戳不到亚洲人的点[笑哭],3,0,2026-09-13T13:53:00+08:00,317339267728,
bilibili,BV1yYYe6WE1P,【大东彦】打国服也能遇到种族歧视，国服天梯遇0交流钱包也不报点！他是外国人！彦哥完美预判这应该是陪玩店！,0wAt3r1a,回复 @Cozyoi :纯乐乐来袭😂,2,0,2026-09-13T14:00:00+08:00,317339267728,
bilibili,BV1yYYe6WE1P,【大东彦】打国服也能遇到种族歧视，国服天梯遇0交流钱包也不报点！他是外国人！彦哥完美预判这应该是陪玩店！,好好菜叶子,主要是上来说一句四凤没绷住,12,0,2026-09-13T11:41:00+08:00,313858431121,
bilibili,BV1yYYe6WE1P,【大东彦】打国服也能遇到种族歧视，国服天梯遇0交流钱包也不报点！他是外国人！彦哥完美预判这应该是陪玩店！,gsp的十字固,因为不是单纯的口臭，ddy以前玩辩论的，可能也不想降到同一水平胡搅蛮缠吧,8,0,2026-09-13T12:11:00+08:00,313858431121,
bilibili,BV1yYYe6WE1P,【大东彦】打国服也能遇到种族歧视，国服天梯遇0交流钱包也不报点！他是外国人！彦哥完美预判这应该是陪玩店！,歪哦里忒,这不骂的挺狠的，还可以吧,3,0,2026-09-13T12:17:00+08:00,313858431121,
bilibili,BV1yYYe6WE1P,【大东彦】打国服也能遇到种族歧视，国服天梯遇0交流钱包也不报点！他是外国人！彦哥完美预判这应该是陪玩店！,网友佑顺子,因为对峙变成对喷就没意义了[doge],3,0,2026-09-13T16:34:00+08:00,313858431121,
bilibili,BV1yYYe6WE1P,【大东彦】打国服也能遇到种族歧视，国服天梯遇0交流钱包也不报点！他是外国人！彦哥完美预判这应该是陪玩店！,Grenzlinie1909,怕红色sc,0,0,2026-09-14T05:33:00+08:00,313858431121,
bilibili,BV1yYYe6WE1P,【大东彦】打国服也能遇到种族歧视，国服天梯遇0交流钱包也不报点！他是外国人！彦哥完美预判这应该是陪玩店！,一-成,就是这钱包是个外国人，麦也不开，语音直接全部屏蔽了。杰特双排的。摄像头也不放。然后就开骂了。然后这外国人还zzqs。这杰特来了一句个人恩怨找个人。,12,0,2026-09-13T11:21:00+08:00,313856477713,
bilibili,BV1yYYe6WE1P,【大东彦】打国服也能遇到种族歧视，国服天梯遇0交流钱包也不报点！他是外国人！彦哥完美预判这应该是陪玩店！,鸭头人O_o,all good？,0,0,2026-09-13T13:25:00+08:00,317351289328,
bilibili,BV1yYYe6WE1P,【大东彦】打国服也能遇到种族歧视，国服天梯遇0交流钱包也不报点！他是外国人！彦哥完美预判这应该是陪玩店！,咯不不,all gay,1,0,2026-09-13T14:11:00+08:00,317351289328,
bilibili,BV1yYYe6WE1P,【大东彦】打国服也能遇到种族歧视，国服天梯遇0交流钱包也不报点！他是外国人！彦哥完美预判这应该是陪玩店！,啊这duetps,梦泪粉丝，all gamer gaming,4,0,2026-09-13T14:12:00+08:00,317351289328,
bilibili,BV1yYYe6WE1P,【大东彦】打国服也能遇到种族歧视，国服天梯遇0交流钱包也不报点！他是外国人！彦哥完美预判这应该是陪玩店！,lannnkk,so all good：所以没关系,1,0,2026-09-13T14:27:00+08:00,317351289328,
bilibili,BV1yYYe6WE1P,【大东彦】打国服也能遇到种族歧视，国服天梯遇0交流钱包也不报点！他是外国人！彦哥完美预判这应该是陪玩店！,lannnkk,他想表达是他有钱，所以不需要找事干,3,0,2026-09-13T14:28:00+08:00,317351289328,
bilibili,BV1jBeV6WEcb,带外国萌新妹子打游戏？！她觉得别的妹子加我是想做我女朋友？,小东一号的杀手,[doge],1,0,2026-09-15T01:51:00+08:00,,
bilibili,BV14tY164ENu,超爽新模式 | 『异变轮战』即将全球上线！,Bohe1丶,孩子们海克斯来了，我看这海克斯系统真是救了拳头大命了，拳头上辈子给海克斯挡过核弹，云顶被海克斯强化推到巅峰，斗魂也是被海克斯升级强化推到顶，海克斯大乱斗让LOL活出第二世，现在瓦也出海克斯了，难道海克斯真是对的？,1110,59,2026-09-14T14:39:00+08:00,,
bilibili,BV14tY164ENu,超爽新模式 | 『异变轮战』即将全球上线！,conceront_蔷薇,这里向手游看齐是对的，没得喷[小蝴蝶2.0_俺不中了] 但你ui真的别乱改了，越来越丑的 有那闲工夫不如再多搬几个手游娱乐[小蝴蝶2.0_吃瓜],437,3,2026-09-14T14:02:00+08:00,,
bilibili,BV14tY164ENu,超爽新模式 | 『异变轮战』即将全球上线！,殟郝,当初说瓦永远不会出娱乐模式的那个大主播呢😋,66,3,2026-09-14T14:22:00+08:00,,
bilibili,BV14tY164ENu,超爽新模式 | 『异变轮战』即将全球上线！,晚风渡过长林,cg里已经给答案了，技能再多在你机器人叔叔这也没用,37,0,2026-09-14T18:20:00+08:00,,
bilibili,BV14tY164ENu,超爽新模式 | 『异变轮战』即将全球上线！,天空里面的云朵,那机器人不是无敌，自己能用技能，还能禁对面的,31,0,2026-09-14T14:45:00+08:00,,
bilibili,BV14tY164ENu,超爽新模式 | 『异变轮战』即将全球上线！,无舟横渡暗墟,我现在对游戏的要求就是休闲娱乐  这模式看着就比排位放松很多,29,1,2026-09-14T16:56:00+08:00,,
bilibili,BV14tY164ENu,超爽新模式 | 『异变轮战』即将全球上线！,远山漫染青苎,有人和我一样感觉cg前段做的有点好吗，以后就按这个水平来,26,0,2026-09-14T17:02:00+08:00,,
bilibili,BV14tY164ENu,超爽新模式 | 『异变轮战』即将全球上线！,大王叫我来寻山吖,到时候都是嘴上娱乐，打到最后一轮绝对比排位还认真,22,1,2026-09-14T14:41:00+08:00,,
bilibili,BV14tY164ENu,超爽新模式 | 『异变轮战』即将全球上线！,可乐乐BiuBiu,就该多出点这种娱乐模式每天打排位真不如玩会这个休闲,21,0,2026-09-14T16:28:00+08:00,,
bilibili,BV14tY164ENu,超爽新模式 | 『异变轮战』即将全球上线！,裁霜作字,要是真有斗魂那种强化系统的话就好玩了,16,1,2026-09-14T18:08:00+08:00,,
bilibili,BV14tY164ENu,超爽新模式 | 『异变轮战』即将全球上线！,汀岸静候潮生,这模式只要不在乎输赢就绝对好玩，可能不公平但娱乐模式要的就是这个,14,0,2026-09-14T17:14:00+08:00,,
bilibili,BV14tY164ENu,超爽新模式 | 『异变轮战』即将全球上线！,山隅紫菀,机器人在天上放晚安焰火笑死我了，到时候不会真能这么玩吧,13,0,2026-09-14T17:49:00+08:00,,
bilibili,BV14tY164ENu,超爽新模式 | 『异变轮战』即将全球上线！,筱尛涛,可以一个幻棱看信息，然后星礈给震，感觉这个组合会很厉害,13,0,2026-09-14T16:19:00+08:00,,
bilibili,BV14tY164ENu,超爽新模式 | 『异变轮战』即将全球上线！,纵使千千阙歌,排位打红温以后来两把这个感觉正合适  输赢压力没那么大,13,0,2026-09-14T14:12:00+08:00,,
bilibili,BV14tY164ENu,超爽新模式 | 『异变轮战』即将全球上线！,人善人海,这个模式最好玩的应该不是单个英雄强，真能两个英雄打出combo就有斗魂那个味了,13,0,2026-09-14T15:23:00+08:00,,
bilibili,BV14tY164ENu,超爽新模式 | 『异变轮战』即将全球上线！,远山漫染青苎,要是里面真有海克斯那种随机强化，我感觉能玩挺久，不然固定阵容很快就被研究透了,13,0,2026-09-14T14:55:00+08:00,,
bilibili,BV14tY164ENu,超爽新模式 | 『异变轮战』即将全球上线！,雾漫十里荒坪,就看谁的技能combo厉害了，这模式感觉枪法还真没配合重要,12,0,2026-09-14T14:38:00+08:00,,
bilibili,BV14tY164ENu,超爽新模式 | 『异变轮战』即将全球上线！,云间苦楝,我就想知道能不能复活队友，要是能的话就有叫父环节了,12,0,2026-09-14T15:03:00+08:00,,
bilibili,BV14tY164ENu,超爽新模式 | 『异变轮战』即将全球上线！,埋心事于秋林,最舒服的就是不用凑五个，两人或者四个人的时候不用一直等人,12,0,2026-09-14T15:29:00+08:00,,
bilibili,BV14tY164ENu,超爽新模式 | 『异变轮战』即将全球上线！,酌薄雾消尘愁,瓦居然也有斗魂了，要是能把海克斯机制也加进去我觉得会更好玩,11,0,2026-09-14T16:34:00+08:00,,
bilibili,BV14tY164ENu,超爽新模式 | 『异变轮战』即将全球上线！,蓉酱酱酱酱,看着比排位好玩，最好不用太公平，娱乐模式玩的就是运气碾压,8,0,2026-09-14T17:04:00+08:00,,
bilibili,BV14tY164ENu,超爽新模式 | 『异变轮战』即将全球上线！,野荻沉霜,盲猜这模式过段时间就会出现一些很阴间的双人组合,7,0,2026-09-14T17:22:00+08:00,,
bilibili,BV14tY164ENu,超爽新模式 | 『异变轮战』即将全球上线！,天空里面的云朵,挺想看双烟能不能玩，感觉小地图里两个人一起封烟应该挺恶心的,7,0,2026-09-14T16:42:00+08:00,,
bilibili,BV14tY164ENu,超爽新模式 | 『异变轮战』即将全球上线！,拾夕藏入宽衣袖,瓦也是开窍了，多来点这种娱乐模式挺不错的，希望这个瓦斗以后能作为常驻,7,0,2026-09-14T17:29:00+08:00,,
bilibili,BV14tY164ENu,超爽新模式 | 『异变轮战』即将全球上线！,松间拾得半盏霜,反正这模式在lol还是挺成功的，节奏很快而且胡了会很爽,7,0,2026-09-14T15:43:00+08:00,,
bilibili,BV14tY164ENu,超爽新模式 | 『异变轮战』即将全球上线！,荒坪蓼白,没想到fps还能出斗魂，我就爱玩点这种不吃枪法的娱乐,5,0,2026-09-14T17:55:00+08:00,,
bilibili,BV14tY164ENu,超爽新模式 | 『异变轮战』即将全球上线！,闭门听雨隔绝喧嚣,最考验双子星默契的一集，这模式我高低得和厚米试试,5,0,2026-09-14T16:49:00+08:00,,
bilibili,BV14tY164ENu,超爽新模式 | 『异变轮战』即将全球上线！,颜成成,还是铁壁打2v2厉害，随便配个有位移的应该就很好打,5,0,2026-09-14T16:41:00+08:00,,
bilibili,BV14tY164ENu,超爽新模式 | 『异变轮战』即将全球上线！,拾黄昏藏袖间,之前几个娱乐模式娱乐性其实都不咋强，希望这个瓦的斗魂能耐玩点,5,0,2026-09-14T17:34:00+08:00,,
bilibili,BV14tY164ENu,超爽新模式 | 『异变轮战』即将全球上线！,sole999,这才是我要的娱乐模式技能多，没事还能嘴嘴队友,4,0,2026-09-14T16:55:00+08:00,,
bilibili,BV14tY164ENu,超爽新模式 | 『异变轮战』即将全球上线！,三尺剑带吴钩,本质肉鸽,60,0,2026-09-14T14:40:00+08:00,313973275249,
bilibili,BV14tY164ENu,超爽新模式 | 『异变轮战』即将全球上线！,我真不会打字2064,通过整活获得快乐比通过赢来获得快乐轻松太多了,374,0,2026-09-14T14:42:00+08:00,313973275249,
bilibili,BV14tY164ENu,超爽新模式 | 『异变轮战』即将全球上线！,Rav3n_n,本质肉鸽,23,0,2026-09-14T14:46:00+08:00,313973275249,
bilibili,BV14tY164ENu,超爽新模式 | 『异变轮战』即将全球上线！,木糖-醇儿,海克斯确实是目前最好玩的模式了，隔壁cf出了个生化海克斯好玩疯了，天天没事打两把[胆大党_微笑]，希望瓦这边也能给给力,43,0,2026-09-14T14:49:00+08:00,313973275249,
bilibili,BV14tY164ENu,超爽新模式 | 『异变轮战』即将全球上线！,梦葬挽歌,撸的海克斯也是抄手游，瓦的海克斯也抄手游[笑哭],15,0,2026-09-14T15:07:00+08:00,313973275249,
bilibili,BV14tY164ENu,超爽新模式 | 『异变轮战』即将全球上线！,Bohe1丶,回复 @梦葬挽歌 :其实本质灵感来源都是云顶S7赛季的海克斯符文系统，本质肉鸽,15,0,2026-09-14T15:15:00+08:00,313973275249,
bilibili,BV14tY164ENu,超爽新模式 | 『异变轮战』即将全球上线！,爱瞳瞳瞳瞳瞳丶,回复 @Bohe1丶 :海克斯是s6的，双城第一季。。,8,0,2026-09-14T15:16:00+08:00,313973275249,
bilibili,BV14tY164ENu,超爽新模式 | 『异变轮战』即将全球上线！,Bohe1丶,回复 @爱瞳瞳瞳瞳瞳丶 :那就是S6，有点远了，差球不多,1,0,2026-09-14T15:18:00+08:00,313973275249,
bilibili,BV14tY164ENu,超爽新模式 | 『异变轮战』即将全球上线！,我都玩粥了你让让我,竞技游戏菜的打不过强的，强的打不过更强的，再加上构思匹配机制，竞技游戏的快乐本源就是打过别人获得胜利得到快乐，输了会难受，整活玩法无论输赢大部分玩的时候都会开心，自然就有人玩了,12,0,2026-09-14T15:23:00+08:00,313973275249,
bilibili,BV14tY164ENu,超爽新模式 | 『异变轮战』即将全球上线！,芙蕾雅的两条棍子,有学术研究指出，肉鸽是电子游戏的终点，2025和2026年一半新游都是肉鸽,18,0,2026-09-14T15:25:00+08:00,313973275249,
bilibili,BV14tY164ENu,超爽新模式 | 『异变轮战』即将全球上线！,dghvgfgh,没毛，手游的娱乐做的真可以,46,0,2026-09-14T15:10:00+08:00,317461700752,
bilibili,BV14tY164ENu,超爽新模式 | 『异变轮战』即将全球上线！,泥大坝_,没毛，游戏最该做的不就是好玩吗,14,0,2026-09-14T15:34:00+08:00,317461700752,
bilibili,BV14tY164ENu,超爽新模式 | 『异变轮战』即将全球上线！,24k纯胖和江扎他,UI已经麻木了 再丑似乎也丑不到哪去 娱乐向手游看齐的确可以,1,0,2026-09-14T15:51:00+08:00,317461700752,
bilibili,BV14tY164ENu,超爽新模式 | 『异变轮战』即将全球上线！,亿只蓝狗,娱乐出了，下次送福利是什么时候[笑哭],1,0,2026-09-14T15:33:00+08:00,317463745968,
bilibili,BV14tY164ENu,超爽新模式 | 『异变轮战』即将全球上线！,殟郝,回复 @亿只蓝狗 :你是说指望送个时尚炫彩小喷漆，还得让你高喊福利满满的拳头吗，那不如指望下三角洲啥时候送砖皮，我觉得后者概率更大,3,0,2026-09-14T16:09:00+08:00,317463745968,
bilibili,BV14tY164ENu,超爽新模式 | 『异变轮战』即将全球上线！,怪盗缺德_,回复 @亿只蓝狗 :再问不送10r点了,1,0,2026-09-14T22:26:00+08:00,317463745968,
bilibili,BV14tY164ENu,超爽新模式 | 『异变轮战』即将全球上线！,A星星鱼,你知道新枪什么时候上线吗,0,0,2026-09-14T21:04:00+08:00,317477327328,
bilibili,BV14tY164ENu,超爽新模式 | 『异变轮战』即将全球上线！,都会觉得顶焦度,性格所致,0,0,2026-09-15T00:57:00+08:00,317465793216,
bilibili,BV14tY164ENu,超爽新模式 | 『异变轮战』即将全球上线！,百吧大战杯赛事直播,有海克斯。感觉后续可以出个锻体，800血500护甲的超人想想就好玩,2,0,2026-09-14T22:14:00+08:00,317480866128,
bilibili,BV1DEY16YEN1,“干票大的” // 年度版本开发者日志,不保持化学段一不改名,抱歉，说到大的我还是想到这个，希望今年不是[笑哭],583,6,2026-09-14T13:39:00+08:00,,
bilibili,BV1DEY16YEN1,“干票大的” // 年度版本开发者日志,逸一时误一世啊,设计师说这话自己笑了没？不过想想也是，所有英雄技能基本上全砍一遍了，大家都不突出也算变相平衡了[微笑],216,49,2026-09-14T13:32:00+08:00,,
bilibili,BV1DEY16YEN1,“干票大的” // 年度版本开发者日志,残烛亦能化作燎原烈火,省流:抄手游的模式的新模式，英雄熟练度进度，新武器战狼（bushi），拳头对自己现在的平衡很满意，暂时没有改动计划，冠军赛下一个版本会有新英雄，段位可以获得盘盘（这个还挺不错的，看着有很多和之前盘盘不一样的玩法），以及终于可以在等待的时候进靶场,91,3,2026-09-14T13:32:00+08:00,,
bilibili,BV1DEY16YEN1,“干票大的” // 年度版本开发者日志,小汀鸠,无数竞品开服就带的功能到现在还在画饼[笑哭],55,4,2026-09-14T13:27:00+08:00,,
bilibili,BV1DEY16YEN1,“干票大的” // 年度版本开发者日志,VCT热评掌握者-海豹王,总算看起来像个完整游戏了，之前成就系统和其他附加功能显得太寡淡了,47,0,2026-09-14T13:29:00+08:00,,
bilibili,BV1DEY16YEN1,“干票大的” // 年度版本开发者日志,解说奶爸,果然是瓦最大的更新 有点东西,46,10,2026-09-14T16:30:00+08:00,,
bilibili,BV1DEY16YEN1,“干票大的” // 年度版本开发者日志,P1nkman_n,我宣布，这是这个b游戏六年来最有用的一次更新，有懂的吗[辣眼睛],43,1,2026-09-14T14:08:00+08:00,,
bilibili,BV1DEY16YEN1,“干票大的” // 年度版本开发者日志,一只长角的鸟,最好的更新，终于。。。,39,2,2026-09-14T14:30:00+08:00,,
bilibili,BV1DEY16YEN1,“干票大的” // 年度版本开发者日志,贴贴大魔王gigi,第一反应就是LOL斗魂竞技场，这模式我一直还挺爱玩的，就是不知道这里面有没有海克斯选,28,0,2026-09-14T13:57:00+08:00,,
bilibili,BV1DEY16YEN1,“干票大的” // 年度版本开发者日志,宽油彭膨芃,完蛋了，感觉会有更多人为了段位代币找代打[藏狐],26,8,2026-09-14T13:37:00+08:00,,代打
bilibili,BV1DEY16YEN1,“干票大的” // 年度版本开发者日志,不知名白鸦,已经不敢想这版本会有多少bug了，依旧造福社会，不过好歹还算当人，新模式新枪新靶场新系统新英雄巴拉巴拉，很难想象这是水多加面面多加水的拳头游戏，他们做回放系统做了一万年,26,0,2026-09-14T13:46:00+08:00,,
bilibili,BV1DEY16YEN1,“干票大的” // 年度版本开发者日志,李多余丶,感觉铁壁霓虹的组合比较厉害，如果到时候没有ban位估计都是这两多,25,0,2026-09-14T14:05:00+08:00,,
bilibili,BV1DEY16YEN1,“干票大的” // 年度版本开发者日志,喜欢讲冷笑话,拳头现团队是要被腾讯开除了[星星眼]？产量居然有一般公司这么多了,25,7,2026-09-14T13:45:00+08:00,,
bilibili,BV1DEY16YEN1,“干票大的” // 年度版本开发者日志,朝z_,迷核成功指的是手势舞吗,22,1,2026-09-14T18:07:00+08:00,,
bilibili,BV1DEY16YEN1,“干票大的” // 年度版本开发者日志,妳的爱琴海,。就不能整点有用的吗[笑哭],20,8,2026-09-14T13:24:00+08:00,,
bilibili,BV1DEY16YEN1,“干票大的” // 年度版本开发者日志,我怎么睡着了_,终于又有想玩的娱乐模式  现在天天排位已经有点腻了,19,0,2026-09-14T14:12:00+08:00,,
bilibili,BV1DEY16YEN1,“干票大的” // 年度版本开发者日志,敲你乃乃的,省流:匹配时可以进靶场,19,1,2026-09-14T13:29:00+08:00,,
bilibili,BV1DEY16YEN1,“干票大的” // 年度版本开发者日志,可以的呢啊啊,要是能打出来组合技，我和我的兄弟be like：,17,0,2026-09-14T13:54:00+08:00,,
bilibili,BV1DEY16YEN1,“干票大的” // 年度版本开发者日志,灰兔yk,斗魂还是有点吃默契的，2v2的话配合好应该比枪法好有用,13,0,2026-09-14T14:01:00+08:00,,
bilibili,BV1DEY16YEN1,“干票大的” // 年度版本开发者日志,1dneW1L,这拳头一干就十分大啊（）,8,1,2026-09-14T13:31:00+08:00,,
bilibili,BV1DEY16YEN1,“干票大的” // 年度版本开发者日志,天天压emo力要救琳,应该要出新信息了，决斗是幻棱，哨位有禁灭，烟位迷核，上一个信息还尼玛是钛狐呢，快两年了都[藏狐],7,2,2026-09-14T14:56:00+08:00,,
bilibili,BV1DEY16YEN1,“干票大的” // 年度版本开发者日志,陈青洲zhou,盖亚3.0，掠影4.0，混沌3.0，莲花3.0已准备就绪😂,6,1,2026-09-14T15:30:00+08:00,,
bilibili,BV1DEY16YEN1,“干票大的” // 年度版本开发者日志,煎蛋不加芥末,省流：新模式斗魂，英雄精二立绘，新主战武器，排位奖励硬币盘盘，匹配时可以进靶场，新英雄,6,0,2026-09-14T13:33:00+08:00,,
bilibili,BV1DEY16YEN1,“干票大的” // 年度版本开发者日志,大西瓜橙汁,请务必每年都来一次这种程度的更新,6,0,2026-09-14T15:05:00+08:00,,
bilibili,BV1DEY16YEN1,“干票大的” // 年度版本开发者日志,Amiyab1,rh 游戏,5,3,2026-09-14T13:25:00+08:00,,
bilibili,BV1DEY16YEN1,“干票大的” // 年度版本开发者日志,黑择明--黑巫师,所以说以前打的英雄熟练度能不能版本更新直接获得熟练度奖励啊[无语][捂脸],5,0,2026-09-14T14:18:00+08:00,,
bilibili,BV1DEY16YEN1,“干票大的” // 年度版本开发者日志,bili_1615066919,又换新ui了，没活可以咬打火机[星星眼],3,0,2026-09-14T13:32:00+08:00,,
bilibili,BV1DEY16YEN1,“干票大的” // 年度版本开发者日志,森亞ルルカ,瓦，看我一眼，段位硬币不错，强烈建议玩家可以自行选择自身当前段位及以下所有段位的硬币显示，比如我如果是钻石，我可以提前选择展示黄金铂金钻石还是黑铁的硬币，这会很好玩，务必这样做,3,0,2026-09-14T15:28:00+08:00,,
bilibili,BV1DEY16YEN1,“干票大的” // 年度版本开发者日志,尸仙出山日,优化优化你那个死斗复活机制吧,3,0,2026-09-14T14:34:00+08:00,,
bilibili,BV1DEY16YEN1,“干票大的” // 年度版本开发者日志,某科学的疾风剑豪,制作组的大家都好可爱！但是能不能多来点福利[辣眼睛],2,0,2026-09-15T00:37:00+08:00,,
bilibili,BV1DEY16YEN1,“干票大的” // 年度版本开发者日志,捅咕遥的企鹅,哈哈，我第一反应也是这个，史无前例就是,71,0,2026-09-14T13:41:00+08:00,313967219329,
bilibili,BV1DEY16YEN1,“干票大的” // 年度版本开发者日志,不是泡沫_,你就说整没整吧,7,0,2026-09-14T13:44:00+08:00,313967219329,
bilibili,BV1DEY16YEN1,“干票大的” // 年度版本开发者日志,flameycx,去年惊天10-2被翻大不大，我考考你[汤圆],48,0,2026-09-14T13:50:00+08:00,313967219329,
bilibili,BV1DEY16YEN1,“干票大的” // 年度版本开发者日志,不保持化学段一不改名,回复 @flameycx :11:2（指正）,19,0,2026-09-14T13:56:00+08:00,313967219329,
bilibili,BV1DEY16YEN1,“干票大的” // 年度版本开发者日志,里世界幻想家,回复 @不保持化学段一不改名 :真是离谱了，后面被追分就撤退了[笑哭],0,0,2026-09-14T14:03:00+08:00,313967219329,
bilibili,BV1DEY16YEN1,“干票大的” // 年度版本开发者日志,一只黄鄂巨,再别康桥了属于是,0,0,2026-09-14T17:10:00+08:00,313967219329,
bilibili,BV1DEY16YEN1,“干票大的” // 年度版本开发者日志,VCT热评掌握者-海豹王,冠军赛之前怎么可能都不会大改吧[尴尬] 回到夜露钛狐版本就老实了,18,0,2026-09-14T13:33:00+08:00,317458472256,
bilibili,BV1DEY16YEN1,“干票大的” // 年度版本开发者日志,B站丿Kata,现在角色平衡确实大差不差了，谁都有登场机会也不会有英雄过分的强,205,0,2026-09-14T13:34:00+08:00,317458472256,
bilibili,BV1DEY16YEN1,“干票大的” // 年度版本开发者日志,这么小声也要开军舰,现版本确实挺平衡的。,117,0,2026-09-14T13:34:00+08:00,317458472256,
bilibili,BV1DEY16YEN1,“干票大的” // 年度版本开发者日志,VersoYuan,yysy现在真挺平衡的吧,33,0,2026-09-14T13:39:00+08:00,317458472256,
bilibili,BV1DEY16YEN1,“干票大的” // 年度版本开发者日志,千江夜九黎生,有一说一现在真挺平衡的  很多英雄都能玩除了个别,32,0,2026-09-14T13:40:00+08:00,317458472256,
bilibili,BV1DEY16YEN1,“干票大的” // 年度版本开发者日志,撇撇竖横横竖钩,认为所有特工都应该加强的很难想象是什么理解,15,0,2026-09-14T13:44:00+08:00,317458472256,
bilibili,BV1DEY16YEN1,“干票大的” // 年度版本开发者日志,R3K7MEI,yysy其实现在挺平衡的了吧，除了哨的生态位有点不太明朗之外都还好吧？,5,0,2026-09-14T13:47:00+08:00,317458472256,
bilibili,BV1DEY16YEN1,“干票大的” // 年度版本开发者日志,艾诺诺卡,盖可需要加强,1,0,2026-09-14T13:49:00+08:00,317458472256,
bilibili,BV1DEY16YEN1,“干票大的” // 年度版本开发者日志,连我妈也叫我永远的神,他们目前的调整方向是提高对枪的纯净度，之前优化技能特效，削减一些特工技能数量和效果都是为了这个,8,0,2026-09-14T13:57:00+08:00,317458472256,
bilibili,BV1DEY16YEN1,“干票大的” // 年度版本开发者日志,逸一时误一世啊,回复 @连我妈也叫我永远的神 :确实提高对枪纯净度了，说不好听的现在的英雄技能一个个都是后摇和timing，切个技能一点都不丝滑，大家都说的玩多了先锋位毁手感绝对是最真实的体验,5,0,2026-09-14T14:01:00+08:00,317458472256,
bilibili,BV1DEY16YEN1,“干票大的” // 年度版本开发者日志,matinase,抄手游是好事，随机技能确实好玩，隔壁也有先例，海克斯大乱斗就这么来的,10,0,2026-09-14T13:41:00+08:00,313966506801,
bilibili,BV1DEY16YEN1,“干票大的” // 年度版本开发者日志,残烛亦能化作燎原烈火,回复 @matinase :抄手游确实是好事，但是本质还是ch自己没用才不得不抄,1,0,2026-09-14T14:08:00+08:00,313966506801,
bilibili,BV1DEY16YEN1,“干票大的” // 年度版本开发者日志,残烛亦能化作燎原烈火,回复 @matinase :而且他抄也没抄全，手游比端游好的地方可不止新模式这一点,4,0,2026-09-14T14:09:00+08:00,313966506801,
bilibili,BV1DEY16YEN1,“干票大的” // 年度版本开发者日志,刘远古龙er,拳头员工还是太轻松了,13,0,2026-09-14T13:29:00+08:00,317458114224,
bilibili,BV1DEY16YEN1,“干票大的” // 年度版本开发者日志,ilililliilililil,竞品？ 你说的是界外狂潮吗？,6,0,2026-09-14T13:34:00+08:00,317458114224,
bilibili,BV1DEY16YEN1,“干票大的” // 年度版本开发者日志,司空玄音,哪儿来的竞品？瓦官方认的竞品就自家几个游戏：洲，cf，tf，后面可能有彩六。,0,0,2026-09-14T14:09:00+08:00,317458114224,
bilibili,BV1DEY16YEN1,“干票大的” // 年度版本开发者日志,Allen04010401,回复 @ilililliilililil :天启行动[微笑],0,0,2026-09-14T17:21:00+08:00,317458114224,
bilibili,BV1DEY16YEN1,“干票大的” // 年度版本开发者日志,VCT热评掌握者-海豹王,好家伙，还真是本人,10,0,2026-09-14T16:34:00+08:00,317475588272,
bilibili,BV1DEY16YEN1,“干票大的” // 年度版本开发者日志,VCT热评掌握者-海豹王,奶爸给我一个电子签名[doge_金箍],6,0,2026-09-14T16:34:00+08:00,317475588272,
bilibili,BV1DEY16YEN1,“干票大的” // 年度版本开发者日志,Goneoat,来个电子签名,1,0,2026-09-14T16:34:00+08:00,317475588272,
bilibili,BV1DEY16YEN1,“干票大的” // 年度版本开发者日志,悲伤的鸮邦,不会这个也能奶吧,3,0,2026-09-14T16:38:00+08:00,317475588272,
bilibili,BV1DEY16YEN1,“干票大的” // 年度版本开发者日志,龟龟亀亀,那应该是最小的更新了[doge_金箍],0,0,2026-09-14T16:50:00+08:00,317475588272,
bilibili,BV1DEY16YEN1,“干票大的” // 年度版本开发者日志,红温的牛爷爷,回复 @悲伤的鸮邦 :能啊，等一下上线了一堆 bug,0,0,2026-09-14T16:53:00+08:00,317475588272,
bilibili,BV1DEY16YEN1,“干票大的” // 年度版本开发者日志,你叫我什么态度,回复 @Goneoat :赋能维嘉,0,0,2026-09-14T17:28:00+08:00,317475588272,
bilibili,BV1DEY16YEN1,“干票大的” // 年度版本开发者日志,二八文僮,来个签名,0,0,2026-09-14T17:44:00+08:00,317475588272,
bilibili,BV1DEY16YEN1,“干票大的” // 年度版本开发者日志,叆叇云缇,所以说其实是最小的更新,0,0,2026-09-14T17:46:00+08:00,317475588272,
bilibili,BV1DEY16YEN1,“干票大的” // 年度版本开发者日志,cypher00,来个电子签名[鸣潮·致予新世界静态表情包_坐好了],0,0,2026-09-14T18:01:00+08:00,317475588272,
bilibili,BV1DEY16YEN1,“干票大的” // 年度版本开发者日志,二八文僮,"还真是,感觉这更新每个拆开都够以前拳头水一年的产能了",0,0,2026-09-14T17:49:00+08:00,317462411664,
bilibili,BV1DEY16YEN1,“干票大的” // 年度版本开发者日志,Saveast,要是靶场能不用退出来换自己皮肤就更好了[颂乐人偶_眯眼笑],3,0,2026-09-14T15:48:00+08:00,313972457553,
bilibili,BV1DEY16YEN1,“干票大的” // 年度版本开发者日志,你真噁心,对低段位没啥用 不过有了也好,0,0,2026-09-15T01:58:00+08:00,313972457553,
bilibili,BV1DEY16YEN1,“干票大的” // 年度版本开发者日志,能不能荔枝一点_,预言家[笑哭],0,0,2026-09-14T13:41:00+08:00,317458958112,
bilibili,BV1DEY16YEN1,“干票大的” // 年度版本开发者日志,扮蛛吃饲料,挂坠就不找代打了吗,20,0,2026-09-14T13:48:00+08:00,317458958112,代打
bilibili,BV1DEY16YEN1,“干票大的” // 年度版本开发者日志,Uncle艾登,最近抖嗨都不演了 10个直播间9个是那些双排“赋能”2带3炸鱼 一个灯牌就能炸了666,6,0,2026-09-14T13:50:00+08:00,317458958112,
bilibili,BV1DEY16YEN1,“干票大的” // 年度版本开发者日志,星川真白,嘿呀 这不是我们ow的最成功的竞逐系统吗[FGO_开心],1,0,2026-09-14T15:57:00+08:00,317458958112,
bilibili,BV1DEY16YEN1,“干票大的” // 年度版本开发者日志,あそこに空があるから,回复 @扮蛛吃饲料 :一个破挂坠就让代打赚飞了 新东西出来更是变本加厉[魔法少女的魔女审判表情包_举报！],0,0,2026-09-14T16:25:00+08:00,317458958112,代打
bilibili,BV1DEY16YEN1,“干票大的” // 年度版本开发者日志,白猫咪喵喵猫,嘿呀 这不是我们ow的最成功的竞逐系统吗,0,0,2026-09-14T19:31:00+08:00,317458958112,
bilibili,BV1DEY16YEN1,“干票大的” // 年度版本开发者日志,JJoNak2064,回复 @Uncle艾登 :那些基本都是挂,0,0,2026-09-14T21:16:00+08:00,317458958112,
bilibili,BV1DEY16YEN1,“干票大的” // 年度版本开发者日志,Uncle艾登,回复 @JJoNak2064 :不清楚没仔细看 但是最近多了很多很多 所以现在的环境真的烂完了,1,0,2026-09-14T22:46:00+08:00,317458958112,
bilibili,BV1DEY16YEN1,“干票大的” // 年度版本开发者日志,扮蛛吃饲料,拳头被腾讯收购了？,0,0,2026-09-14T13:47:00+08:00,317459890544,
bilibili,BV1DEY16YEN1,“干票大的” // 年度版本开发者日志,公大胸无义女,回复 @扮蛛吃饲料 :拳头一直是腾讯全资子公司，只是在大陆外的产品有极大的自主权,3,0,2026-09-14T13:49:00+08:00,317459890544,
bilibili,BV1DEY16YEN1,“干票大的” // 年度版本开发者日志,喜欢讲冷笑话,回复 @扮蛛吃饲料 :拳头基本就腾讯的了 但是权力下放很大 但必要时候腾讯会出来接手  lol就是典型例子,0,0,2026-09-14T13:51:00+08:00,317459890544,
bilibili,BV1DEY16YEN1,“干票大的” // 年度版本开发者日志,南斯阿德尔,回复 @扮蛛吃饲料 :好几年前的事了，好像快10年了。,1,0,2026-09-14T13:55:00+08:00,317459890544,
bilibili,BV1DEY16YEN1,“干票大的” // 年度版本开发者日志,虚拟枝江_Official,回复 @扮蛛吃饲料 :火星人？,0,0,2026-09-14T14:02:00+08:00,317459890544,
bilibili,BV1DEY16YEN1,“干票大的” // 年度版本开发者日志,筱寒い,回复 @扮蛛吃饲料 :十五年前就收购了,0,0,2026-09-14T14:14:00+08:00,317459890544,
bilibili,BV1DEY16YEN1,“干票大的” // 年度版本开发者日志,打工人x干饭人,回复 @扮蛛吃饲料 :没有藤子就没有拳头，拳头还是个工作室的时候就已经被腾讯全资收购了,0,0,2026-09-14T15:40:00+08:00,317459890544,
bilibili,BV1DEY16YEN1,“干票大的” // 年度版本开发者日志,u租u啊就是,没绷住,0,0,2026-09-14T18:20:00+08:00,313988040321,
bilibili,BV1DEY16YEN1,“干票大的” // 年度版本开发者日志,ilililliilililil,这都很有用,5,0,2026-09-14T13:26:00+08:00,313965713393,
bilibili,BV1DEY16YEN1,“干票大的” // 年度版本开发者日志,狂暴戴菲恩单推人,这不都挺好吗,7,0,2026-09-14T13:35:00+08:00,313965713393,
bilibili,BV1DEY16YEN1,“干票大的” // 年度版本开发者日志,怀瑾44,来你说说有什么需要做的,2,0,2026-09-14T13:36:00+08:00,313965713393,
bilibili,BV1DEY16YEN1,“干票大的” // 年度版本开发者日志,Shota602,还真是闲的,0,0,2026-09-14T13:39:00+08:00,313965713393,
bilibili,BV1DEY16YEN1,“干票大的” // 年度版本开发者日志,喜欢讲冷笑话,这次有东西好吧,0,0,2026-09-14T13:45:00+08:00,313965713393,
bilibili,BV1DEY16YEN1,“干票大的” // 年度版本开发者日志,木易e-,b友钱少事多，给你送点皮肤最有用了[汤圆],2,0,2026-09-14T16:35:00+08:00,313965713393,
bilibili,BV1DEY16YEN1,“干票大的” // 年度版本开发者日志,__--Z,啥有用[笑哭]干脆给你送vp才满意吗,0,0,2026-09-15T00:22:00+08:00,313965713393,
bilibili,BV1DEY16YEN1,“干票大的” // 年度版本开发者日志,网友神谷英树,小孩闹麻了 这不满意那不满意,0,0,2026-09-15T02:13:00+08:00,313965713393,
bilibili,BV1DEY16YEN1,“干票大的” // 年度版本开发者日志,时者Timer,瓦手赢麻了,0,0,2026-09-14T13:38:00+08:00,317458354384,
bilibili,BV1DEY16YEN1,“干票大的” // 年度版本开发者日志,Cold_JoKe,经典老番,0,0,2026-09-14T15:21:00+08:00,317458501520,
bilibili,BV1DEY16YEN1,“干票大的” // 年度版本开发者日志,一不小心花了6枚硬币,Jett 芮娜 暮蝶 钱包，这次会不会来一个枪法先锋，以后天梯阵容彻底锁死[doge_金箍],0,0,2026-09-14T16:07:00+08:00,317467457648,
bilibili,BV1DEY16YEN1,“干票大的” // 年度版本开发者日志,听雨_僧庐,回复 @一不小心花了6枚硬币 :来个杀人才能拿信息的[doge_金箍],0,0,2026-09-15T02:08:00+08:00,317467457648,
bilibili,BV1DEY16YEN1,“干票大的” // 年度版本开发者日志,Allen04010401,我第一反应也是掠夺4.0[doge],0,0,2026-09-14T17:25:00+08:00,317470736352,
bilibili,BV1DEY16YEN1,“干票大的” // 年度版本开发者日志,来仁呐,？哪里,1,0,2026-09-14T16:32:00+08:00,313965844849,
bilibili,BV1DEY16YEN1,“干票大的” // 年度版本开发者日志,胡图图是大笨蛋,？又ru了,0,0,2026-09-15T01:32:00+08:00,313965844849,
bilibili,BV1DEY16YEN1,“干票大的” // 年度版本开发者日志,Amiyab1,回复 @胡图图是大笨蛋 :拳头本来就没藏着喜欢 rh 的态度,0,0,2026-09-15T01:34:00+08:00,313965844849,
bilibili,BV1oWYy6gEiS,【笨奶】无畏契约新枪！悍狼！太超模了！鸟狙版AK！！最强步枪来了！！！,美琴睡大觉,我咋感觉没想象中那么强 除了中远距离架枪完爆ak外没啥优势啊,190,34,2026-09-14T14:16:00+08:00,,
bilibili,BV1oWYy6gEiS,【笨奶】无畏契约新枪！悍狼！太超模了！鸟狙版AK！！最强步枪来了！！！,小胡子带我打欧洲,这枪和戍卫定位都有点重合了，瓦应该出一把獠犬威力，骇灵射速弹夹35发的2700块的步枪，专门用于泼水扫射的。,125,12,2026-09-14T14:12:00+08:00,,
bilibili,BV1oWYy6gEiS,【笨奶】无畏契约新枪！悍狼！太超模了！鸟狙版AK！！最强步枪来了！！！,-不要熬夜--,笔记本玩家有福了,82,1,2026-09-14T14:48:00+08:00,,
bilibili,BV1oWYy6gEiS,【笨奶】无畏契约新枪！悍狼！太超模了！鸟狙版AK！！最强步枪来了！！！,mistry--米,当时追猎伤害出来的时候也都吹爆了说爆杀鬼魅，玩了就知道手感不是一个等级的,41,5,2026-09-14T16:22:00+08:00,,
bilibili,BV1oWYy6gEiS,【笨奶】无畏契约新枪！悍狼！太超模了！鸟狙版AK！！最强步枪来了！！！,原諒我悲觀過界,单看伤害对比新枪和狂徒的击杀效率： 打头都是一枪死 打半甲/全甲身体：狂徒四枪0.308s，新枪三枪0.308s（完全一致） 打无甲身体：狂徒三枪0.205s，新枪两枪0.154s 狂徒的击杀效率只剩两个区间 1.前1（2）枪打到身体第2（3）枪飘到头上 2.打身体非常规血量（51-80、101-120）,27,7,2026-09-14T15:24:00+08:00,,
bilibili,BV1oWYy6gEiS,【笨奶】无畏契约新枪！悍狼！太超模了！鸟狙版AK！！最强步枪来了！！！,安和猫猫猫猫猫,我觉得在瓦这种低移速的情况下说不定真挺强的[笑哭],15,0,2026-09-14T17:03:00+08:00,,
bilibili,BV1oWYy6gEiS,【笨奶】无畏契约新枪！悍狼！太超模了！鸟狙版AK！！最强步枪来了！！！,-FISHKH-,肯定会修改的，拳头惯有的屎多了加尿，尿多了加屎[doge],10,0,2026-09-14T16:27:00+08:00,,
bilibili,BV1oWYy6gEiS,【笨奶】无畏契约新枪！悍狼！太超模了！鸟狙版AK！！最强步枪来了！！！,已经结束了吗_,能连发吗？没连发本质是加强版戍卫[笑哭],9,4,2026-09-14T15:51:00+08:00,,
bilibili,BV1oWYy6gEiS,【笨奶】无畏契约新枪！悍狼！太超模了！鸟狙版AK！！最强步枪来了！！！,乌金金金金,提前预测路边一条，不敢做太强的[笑哭][笑哭]，要是超级好用，谁还买其他主武器皮肤,7,2,2026-09-14T21:50:00+08:00,,
bilibili,BV1oWYy6gEiS,【笨奶】无畏契约新枪！悍狼！太超模了！鸟狙版AK！！最强步枪来了！！！,ArthurLeng,给伯乐准备的进攻狙吧,7,0,2026-09-14T14:19:00+08:00,,
bilibili,BV1oWYy6gEiS,【笨奶】无畏契约新枪！悍狼！太超模了！鸟狙版AK！！最强步枪来了！！！,安排好你,这枪冠军赛打完出吧,7,9,2026-09-14T13:56:00+08:00,,
bilibili,BV1oWYy6gEiS,【笨奶】无畏契约新枪！悍狼！太超模了！鸟狙版AK！！最强步枪来了！！！,Js2652_,出个新枪卖皮肤有感觉吗,5,0,2026-09-14T15:32:00+08:00,,
bilibili,BV1oWYy6gEiS,【笨奶】无畏契约新枪！悍狼！太超模了！鸟狙版AK！！最强步枪来了！！！,JJJJJJJUICEE,50太超模了吧 以后antieco起半甲加这枪不知道怎么输 49还合理点,5,4,2026-09-14T17:43:00+08:00,,
bilibili,BV1oWYy6gEiS,【笨奶】无畏契约新枪！悍狼！太超模了！鸟狙版AK！！最强步枪来了！！！,infinite的小白,csgo老版本的sg553，打头一枪，30发弹匣步枪。cf的hk417，打头一枪，舒服得点射,4,0,2026-09-14T16:55:00+08:00,,
bilibili,BV1oWYy6gEiS,【笨奶】无畏契约新枪！悍狼！太超模了！鸟狙版AK！！最强步枪来了！！！,顾梦的小号,sg553恶魔时代来了有感觉吗，当时553简直统治职业赛场[折耳猫],4,1,2026-09-14T23:10:00+08:00,,
bilibili,BV1oWYy6gEiS,【笨奶】无畏契约新枪！悍狼！太超模了！鸟狙版AK！！最强步枪来了！！！,鹿岛韵蹈,有点像cs的AUG[doge],4,5,2026-09-14T15:25:00+08:00,,
bilibili,BV1oWYy6gEiS,【笨奶】无畏契约新枪！悍狼！太超模了！鸟狙版AK！！最强步枪来了！！！,小胡子带我打欧洲,这枪打大甲身子ttk差不多0.3秒跟ak没区别，但是射速慢控枪微调或者扫转很伤，而且出现一枪头和一枪身子的时候ttk就远低于ak，感觉只有在40m外ak不太准的时候才比ak强,4,5,2026-09-14T14:01:00+08:00,,
bilibili,BV1oWYy6gEiS,【笨奶】无畏契约新枪！悍狼！太超模了！鸟狙版AK！！最强步枪来了！！！,浓是真额老驴,瓦没活硬抄cs啊？射击方面自己一点活也没有，拳头闹🐎了[Mygo表情包_不会吧？][Mygo表情包_不会吧？][Mygo表情包_不会吧？],3,0,2026-09-14T23:03:00+08:00,,
bilibili,BV1oWYy6gEiS,【笨奶】无畏契约新枪！悍狼！太超模了！鸟狙版AK！！最强步枪来了！！！,一枚kk吖,与其设计新枪，不如把你那sm盲侠删了，或者提高价格,3,0,2026-09-14T17:12:00+08:00,,
bilibili,BV1oWYy6gEiS,【笨奶】无畏契约新枪！悍狼！太超模了！鸟狙版AK！！最强步枪来了！！！,盲目吃鱼的玳瑁猫,怎么评论区这么多人连ttk都算不明白[笑哭]ttk算的是致死子弹间隔数而不是致死子弹数，你开第一枪武器是没有延迟的，隔壁战地6的m250机枪还有加特林这种需要预热的才有第一发射击延迟，只看打身体ttk狂徒和新枪一模一样，但新枪的问题是空枪惩罚大（相应的斩杀能力更强并且穿墙爆头必定会死），所以新枪属于中远距离无敌，近距离只比狂徒差一点（但比戍卫强多了）的存在。以后肯定会削弱。,3,0,2026-09-14T16:24:00+08:00,,
bilibili,BV1oWYy6gEiS,【笨奶】无畏契约新枪！悍狼！太超模了！鸟狙版AK！！最强步枪来了！！！,ダンダダン-,能不能也出个警匪专用枪[doge]多一个保枪缴枪的博弈,2,1,2026-09-15T01:25:00+08:00,,
bilibili,BV1oWYy6gEiS,【笨奶】无畏契约新枪！悍狼！太超模了！鸟狙版AK！！最强步枪来了！！！,咸味老六子,hk417对吗[鸣潮·致予新世界静态表情包_坐好了],2,0,2026-09-14T17:43:00+08:00,,
bilibili,BV1oWYy6gEiS,【笨奶】无畏契约新枪！悍狼！太超模了！鸟狙版AK！！最强步枪来了！！！,北斗西红柿,冠军套不会出这把吧,2,0,2026-09-14T19:39:00+08:00,,
bilibili,BV1oWYy6gEiS,【笨奶】无畏契约新枪！悍狼！太超模了！鸟狙版AK！！最强步枪来了！！！,restart0x,啥时候实装？,1,0,2026-09-15T01:53:00+08:00,,
bilibili,BV1oWYy6gEiS,【笨奶】无畏契约新枪！悍狼！太超模了！鸟狙版AK！！最强步枪来了！！！,陆思晨,@阳仔鳄,1,0,2026-09-14T14:58:00+08:00,,
bilibili,BV1oWYy6gEiS,【笨奶】无畏契约新枪！悍狼！太超模了！鸟狙版AK！！最强步枪来了！！！,张顺梓神,@暴虐与不合理 @饥饿的鹰仍不忘舞- @絶对核心,1,0,2026-09-14T14:42:00+08:00,,
bilibili,BV1oWYy6gEiS,【笨奶】无畏契约新枪！悍狼！太超模了！鸟狙版AK！！最强步枪来了！！！,山-河-呀,我只想知道一点，这个版本会在世界赛上吗,1,1,2026-09-14T16:55:00+08:00,,
bilibili,BV1oWYy6gEiS,【笨奶】无畏契约新枪！悍狼！太超模了！鸟狙版AK！！最强步枪来了！！！,芒杲很忙,sg552来了,0,0,2026-09-14T17:49:00+08:00,,
bilibili,BV1oWYy6gEiS,【笨奶】无畏契约新枪！悍狼！太超模了！鸟狙版AK！！最强步枪来了！！！,鱼没有玄机,@elige,0,0,2026-09-14T18:34:00+08:00,,
bilibili,BV1oWYy6gEiS,【笨奶】无畏契约新枪！悍狼！太超模了！鸟狙版AK！！最强步枪来了！！！,创造兵乌曰,属于瓦罗兰特的553时代有没有感觉。,0,0,2026-09-14T19:23:00+08:00,,
bilibili,BV1oWYy6gEiS,【笨奶】无畏契约新枪！悍狼！太超模了！鸟狙版AK！！最强步枪来了！！！,这次能坚持下去吗,一旦距离近一点就很难搞,1,0,2026-09-14T14:27:00+08:00,313971066929,
bilibili,BV1oWYy6gEiS,【笨奶】无畏契约新枪！悍狼！太超模了！鸟狙版AK！！最强步枪来了！！！,薇洛Willows,中远距离暴打ak，近距离ak又不如m4一根，以后没用的是ak才对[笑哭],48,0,2026-09-14T14:28:00+08:00,313971066929,
bilibili,BV1oWYy6gEiS,【笨奶】无畏契约新枪！悍狼！太超模了！鸟狙版AK！！最强步枪来了！！！,ArthurLeng,就是充当进攻狙的，目前感觉除了伯乐没人需要这把枪,112,0,2026-09-14T14:30:00+08:00,313971066929,
bilibili,BV1oWYy6gEiS,【笨奶】无畏契约新枪！悍狼！太超模了！鸟狙版AK！！最强步枪来了！！！,天下吴龙,回复 @薇洛Willows :那又要中远又要近距离不还是ak,6,0,2026-09-14T14:33:00+08:00,313971066929,
bilibili,BV1oWYy6gEiS,【笨奶】无畏契约新枪！悍狼！太超模了！鸟狙版AK！！最强步枪来了！！！,薇洛Willows,回复 @天下吴龙 :玩什么地图打什么位置就用什么枪，哪有既要中远又要近的，就算真要那也是m4上，何况这枪三发死，射速还和AK四分之三差不多，谁比谁强还真不一定,9,0,2026-09-14T14:36:00+08:00,313971066929,
bilibili,BV1oWYy6gEiS,【笨奶】无畏契约新枪！悍狼！太超模了！鸟狙版AK！！最强步枪来了！！！,天下吴龙,回复 @薇洛Willows :既要中远又要近不是很正常么，大部分地图不都是中路对枪长两边对枪短，而且我又没说这枪一定比ak弱，m4很多时候就是一枪头打不死啊，但像霓虹町和源工重镇这种短距离对枪多的图确实m4好点,1,0,2026-09-14T14:42:00+08:00,313971066929,
bilibili,BV1oWYy6gEiS,【笨奶】无畏契约新枪！悍狼！太超模了！鸟狙版AK！！最强步枪来了！！！,SpaceCowboy-_,回复 @薇洛Willows :还记得吗，当初追猎他们也是这样吹的,6,0,2026-09-14T14:42:00+08:00,313971066929,
bilibili,BV1oWYy6gEiS,【笨奶】无畏契约新枪！悍狼！太超模了！鸟狙版AK！！最强步枪来了！！！,天云sova,回复 @SpaceCowboy-_ :哈哈哈[笑哭]这枪我觉得真得加强到高穿透。,1,0,2026-09-14T14:44:00+08:00,313971066929,
bilibili,BV1oWYy6gEiS,【笨奶】无畏契约新枪！悍狼！太超模了！鸟狙版AK！！最强步枪来了！！！,Homeostas1s,回复 @SpaceCowboy-_ :追猎刚上线挺垃圾的，但是增强之后屌的一逼，eco局的神枪,0,0,2026-09-14T14:47:00+08:00,313971066929,
bilibili,BV1oWYy6gEiS,【笨奶】无畏契约新枪！悍狼！太超模了！鸟狙版AK！！最强步枪来了！！！,薇洛Willows,回复 @SpaceCowboy-_ :追猎他数值不如正义，胜在200块和弹容量，但是这把枪除了射速和弹容量以外数值都比ak强，追猎肯定不是乱吹的，现在基本上eco局除了自己钱多顺着队友e以外，自己e基本都是追猎。而且现在还有一个问题就是混起局这把枪的数值和正义完美兼容，正义敲一枪身子的人，看到这把枪等于看到连狙，被敲两枪直接就是连发大狙，加起来三枪就是死。但是ak只和近距离正义兼容。而且不存在成为连发大狙的可能。,5,0,2026-09-14T15:01:00+08:00,313971066929,
bilibili,BV1oWYy6gEiS,【笨奶】无畏契约新枪！悍狼！太超模了！鸟狙版AK！！最强步枪来了！！！,自有大蠕为我当虫且,獠犬威力骇灵射速有点太夸张了,53,0,2026-09-14T14:35:00+08:00,317462882656,
bilibili,BV1oWYy6gEiS,【笨奶】无畏契约新枪！悍狼！太超模了！鸟狙版AK！！最强步枪来了！！！,真的AI狗,骇灵射速不敢想了，而且獠犬威力真不算低吧，至少在双边都没钱玩大甲的时候，4的半甲btk很优秀了，只是惩罚不了全甲的,24,0,2026-09-14T14:36:00+08:00,317462882656,
bilibili,BV1oWYy6gEiS,【笨奶】无畏契约新枪！悍狼！太超模了！鸟狙版AK！！最强步枪来了！！！,YezHon夜之鸿,戍卫两枪小甲这个不行,2,0,2026-09-14T14:40:00+08:00,317462882656,
bilibili,BV1oWYy6gEiS,【笨奶】无畏契约新枪！悍狼！太超模了！鸟狙版AK！！最强步枪来了！！！,封好烟打好闪,咖喱？,1,0,2026-09-14T14:42:00+08:00,317462882656,
bilibili,BV1oWYy6gEiS,【笨奶】无畏契约新枪！悍狼！太超模了！鸟狙版AK！！最强步枪来了！！！,Charlotte251,那我还戍卫和ak重合了呢，本质点小球游戏一枪头没区别[吃瓜]这把枪卖的比戍卫贵，性能比戍卫好，那就不重合，如果是你有钱起这把枪但是没必要所以选择起戍卫，那才叫重合，2倍镜，射速，备弹都是这把枪比戍卫强的地方,5,0,2026-09-14T15:33:00+08:00,317462882656,
bilibili,BV1oWYy6gEiS,【笨奶】无畏契约新枪！悍狼！太超模了！鸟狙版AK！！最强步枪来了！！！,lacrimalboi,那就没人玩2900定位的枪了 你这个数值太高,0,0,2026-09-14T16:05:00+08:00,317462882656,
bilibili,BV1oWYy6gEiS,【笨奶】无畏契约新枪！悍狼！太超模了！鸟狙版AK！！最强步枪来了！！！,Laurie甜茶,你搁这打cf是吧？白虎都来了,0,0,2026-09-14T16:34:00+08:00,317462882656,
bilibili,BV1oWYy6gEiS,【笨奶】无畏契约新枪！悍狼！太超模了！鸟狙版AK！！最强步枪来了！！！,缨冠弹剑,那得卖3500,0,0,2026-09-14T16:46:00+08:00,317462882656,
bilibili,BV1oWYy6gEiS,【笨奶】无畏契约新枪！悍狼！太超模了！鸟狙版AK！！最强步枪来了！！！,落辰夕过,就是出一把咖喱呗,0,0,2026-09-14T16:59:00+08:00,317462882656,
bilibili,BV1oWYy6gEiS,【笨奶】无畏契约新枪！悍狼！太超模了！鸟狙版AK！！最强步枪来了！！！,簌戾,在想啥啊，数值爆了呀,0,0,2026-09-14T18:51:00+08:00,317462882656,
bilibili,BV1oWYy6gEiS,【笨奶】无畏契约新枪！悍狼！太超模了！鸟狙版AK！！最强步枪来了！！！,魅惑烤鸭,还真是，远点终于有步枪可用了,6,0,2026-09-14T16:28:00+08:00,313974303329,
bilibili,BV1oWYy6gEiS,【笨奶】无畏契约新枪！悍狼！太超模了！鸟狙版AK！！最强步枪来了！！！,zhoukke,爆杀正义了,7,0,2026-09-14T16:55:00+08:00,313982605857,
bilibili,BV1oWYy6gEiS,【笨奶】无畏契约新枪！悍狼！太超模了！鸟狙版AK！！最强步枪来了！！！,恨如雨,一开始上抬太变态了，增强一次之后现在绝对某些场景绝对优鬼魅和正义了,12,0,2026-09-14T17:10:00+08:00,313982605857,
bilibili,BV1oWYy6gEiS,【笨奶】无畏契约新枪！悍狼！太超模了！鸟狙版AK！！最强步枪来了！！！,企鹅灯宝,瓦里这5米爆头距离跟滚木没什么区别,2,0,2026-09-14T17:22:00+08:00,313982605857,
bilibili,BV1oWYy6gEiS,【笨奶】无畏契约新枪！悍狼！太超模了！鸟狙版AK！！最强步枪来了！！！,转头就是一拳,我还是觉得鬼魅好用[藏狐],0,0,2026-09-14T23:55:00+08:00,313982605857,
bilibili,BV1oWYy6gEiS,【笨奶】无畏契约新枪！悍狼！太超模了！鸟狙版AK！！最强步枪来了！！！,难説,最关键的不是贵一百吗？,0,0,2026-09-15T00:28:00+08:00,313982605857,
bilibili,BV1oWYy6gEiS,【笨奶】无畏契约新枪！悍狼！太超模了！鸟狙版AK！！最强步枪来了！！！,乙一丶,容错不一样，ak第一发飘了，后续四发补救空间大 这枪，第一枪空了，身下三发要打中身体，ak已经能开6发了，保守2发中1发，击杀效率更是不如ak。 这也是为啥戍卫3枪身体死，也没人用戍卫打身子的原因，而戍卫的首发偏移才0.1,3,0,2026-09-14T15:44:00+08:00,317470161424,
bilibili,BV1oWYy6gEiS,【笨奶】无畏契约新枪！悍狼！太超模了！鸟狙版AK！！最强步枪来了！！！,盲目吃鱼的玳瑁猫,回复 @zs小小千 :你开第一发子弹需要时间？,0,0,2026-09-14T16:06:00+08:00,317470161424,
bilibili,BV1oWYy6gEiS,【笨奶】无畏契约新枪！悍狼！太超模了！鸟狙版AK！！最强步枪来了！！！,盲目吃鱼的玳瑁猫,回复 @乙一丶 :这都是相对的，虽然空枪惩罚大但新枪单发伤害高斩杀能力更强，穿墙爆头必定会死。,0,0,2026-09-14T16:10:00+08:00,317470161424,
bilibili,BV1oWYy6gEiS,【笨奶】无畏契约新枪！悍狼！太超模了！鸟狙版AK！！最强步枪来了！！！,乙一丶,回复 @盲目吃鱼的玳瑁猫 :那自然有优势，我只是觉得能说出，新枪全方位爆杀ak很逆天而已，所以举例说明,0,0,2026-09-14T16:56:00+08:00,317470161424,
bilibili,BV1oWYy6gEiS,【笨奶】无畏契约新枪！悍狼！太超模了！鸟狙版AK！！最强步枪来了！！！,敲哥不敲,回复 @zs小小千 :你第一发子弹不需要时间啊，三发子弹，ttk从开第一枪到第三枪只有两发的间隔,0,0,2026-09-14T17:13:00+08:00,317470161424,
bilibili,BV1oWYy6gEiS,【笨奶】无畏契约新枪！悍狼！太超模了！鸟狙版AK！！最强步枪来了！！！,朝暮扶苏,回复 @zs小小千 :热知识第一枪没有间隔，还有就是3枪只有两间隔,1,0,2026-09-14T17:20:00+08:00,317470161424,
bilibili,BV1oWYy6gEiS,【笨奶】无畏契约新枪！悍狼！太超模了！鸟狙版AK！！最强步枪来了！！！,不熄灭的蜡烛,回复 @乙一丶 :你忘了大家射击的时候是要移动的，回弹速度和移动散步还是要考虑的,0,0,2026-09-15T01:08:00+08:00,317470161424,
bilibili,BV1oWYy6gEiS,【笨奶】无畏契约新枪！悍狼！太超模了！鸟狙版AK！！最强步枪来了！！！,高等生物Au喵,全自动的 可以连发,1,0,2026-09-14T16:16:00+08:00,313980060913,
bilibili,BV1oWYy6gEiS,【笨奶】无畏契约新枪！悍狼！太超模了！鸟狙版AK！！最强步枪来了！！！,胡润玺,二倍镜感觉定位没有戍卫灵活,0,0,2026-09-14T16:58:00+08:00,313980060913,
bilibili,BV1oWYy6gEiS,【笨奶】无畏契约新枪！悍狼！太超模了！鸟狙版AK！！最强步枪来了！！！,不要打扰小Q摸鱼,全自动,0,0,2026-09-14T17:15:00+08:00,313980060913,
bilibili,BV1oWYy6gEiS,【笨奶】无畏契约新枪！悍狼！太超模了！鸟狙版AK！！最强步枪来了！！！,教授-丶,回复 @不要打扰小Q摸鱼 :开镜也是连发吗,0,0,2026-09-15T02:20:00+08:00,313980060913,
bilibili,BV1oWYy6gEiS,【笨奶】无畏契约新枪！悍狼！太超模了！鸟狙版AK！！最强步枪来了！！！,鱼弦Dece,答案是AK皮肤卖的差不多了，人手一把盖亚，该换一把圈钱了[笑哭],6,0,2026-09-14T23:57:00+08:00,317485809648,
bilibili,BV1oWYy6gEiS,【笨奶】无畏契约新枪！悍狼！太超模了！鸟狙版AK！！最强步枪来了！！！,黑夜家的小克喵,2900就是主武器的价格,0,0,2026-09-15T00:02:00+08:00,317485809648,
bilibili,BV1oWYy6gEiS,【笨奶】无畏契约新枪！悍狼！太超模了！鸟狙版AK！！最强步枪来了！！！,iMue1syse,冠军赛版本出,1,0,2026-09-14T14:32:00+08:00,317460987008,
bilibili,BV1oWYy6gEiS,【笨奶】无畏契约新枪！悍狼！太超模了！鸟狙版AK！！最强步枪来了！！！,Si1encer,回复 @iMue1syse :那这样拳头真恶心啊，大版本搞新东西，,0,0,2026-09-14T15:50:00+08:00,317460987008,
bilibili,BV1oWYy6gEiS,【笨奶】无畏契约新枪！悍狼！太超模了！鸟狙版AK！！最强步枪来了！！！,iMue1syse,回复 @Si1encer :大哥你话没说完,0,0,2026-09-14T15:51:00+08:00,317460987008,
bilibili,BV1oWYy6gEiS,【笨奶】无畏契约新枪！悍狼！太超模了！鸟狙版AK！！最强步枪来了！！！,硬币花没了,回复 @Si1encer :不在大版本更新上新东西，那该什么时候上[吃瓜],0,0,2026-09-14T16:18:00+08:00,317460987008,
bilibili,BV1oWYy6gEiS,【笨奶】无畏契约新枪！悍狼！太超模了！鸟狙版AK！！最强步枪来了！！！,嘿嘿黑魂,[吃瓜],0,0,2026-09-14T17:09:00+08:00,317460987008,
bilibili,BV1oWYy6gEiS,【笨奶】无畏契约新枪！悍狼！太超模了！鸟狙版AK！！最强步枪来了！！！,淮北小月牙,回复 @Si1encer :比赛不上，玩家可以玩到,0,0,2026-09-14T17:33:00+08:00,317460987008,
bilibili,BV1oWYy6gEiS,【笨奶】无畏契约新枪！悍狼！太超模了！鸟狙版AK！！最强步枪来了！！！,CAuywkk,回复 @Si1encer :比赛不出,0,0,2026-09-14T21:23:00+08:00,317460987008,
bilibili,BV1oWYy6gEiS,【笨奶】无畏契约新枪！悍狼！太超模了！鸟狙版AK！！最强步枪来了！！！,無人与言,回复 @Si1encer :。。冠军赛的时候出，但冠军赛版本不是新版本。又不是dota给你搞比赛临时更新那套，瓦和lol都有比赛版本的,0,0,2026-09-15T01:34:00+08:00,317460987008,
bilibili,BV1oWYy6gEiS,【笨奶】无畏契约新枪！悍狼！太超模了！鸟狙版AK！！最强步枪来了！！！,柒梦Seven,回复 @Si1encer :没看过lol的S赛吗，比赛版本和游戏版本不是同步的,0,0,2026-09-15T01:41:00+08:00,317460987008,
bilibili,BV1oWYy6gEiS,【笨奶】无畏契约新枪！悍狼！太超模了！鸟狙版AK！！最强步枪来了！！！,暗矣,不看射速吗,2,0,2026-09-14T17:47:00+08:00,317479809504,
bilibili,BV1oWYy6gEiS,【笨奶】无畏契约新枪！悍狼！太超模了！鸟狙版AK！！最强步枪来了！！！,CAuywkk,antieco全甲戍卫不比这差,1,0,2026-09-14T21:24:00+08:00,317479809504,
bilibili,BV1oWYy6gEiS,【笨奶】无畏契约新枪！悍狼！太超模了！鸟狙版AK！！最强步枪来了！！！,小叮做事小叮当猫,49 配合射速不如删掉,1,0,2026-09-14T23:13:00+08:00,317479809504,
bilibili,BV1oWYy6gEiS,【笨奶】无畏契约新枪！悍狼！太超模了！鸟狙版AK！！最强步枪来了！！！,飞行员阿纱,没你想的这么超模 全甲三枪就死 但是半甲也得三枪,0,0,2026-09-15T00:24:00+08:00,317479809504,
bilibili,BV1oWYy6gEiS,【笨奶】无畏契约新枪！悍狼！太超模了！鸟狙版AK！！最强步枪来了！！！,吐槽大会嘉宾,当时553射速跟AK差不多，伤害还比AK高还能开镜，这枪射速就低一大截,1,0,2026-09-15T01:25:00+08:00,317487863968,
bilibili,BV1oWYy6gEiS,【笨奶】无畏契约新枪！悍狼！太超模了！鸟狙版AK！！最强步枪来了！！！,Caliishoute,我觉得看伤害和备弹更像连狙,0,0,2026-09-14T15:39:00+08:00,317470149088,
bilibili,BV1oWYy6gEiS,【笨奶】无畏契约新枪！悍狼！太超模了！鸟狙版AK！！最强步枪来了！！！,虚拟凛空,553[doge],1,0,2026-09-14T15:49:00+08:00,317470149088,
bilibili,BV1oWYy6gEiS,【笨奶】无畏契约新枪！悍狼！太超模了！鸟狙版AK！！最强步枪来了！！！,韩信之神韩枫a,AUG不是xuanshen的吗[汤圆],0,0,2026-09-14T16:34:00+08:00,317470149088,
bilibili,BV1oWYy6gEiS,【笨奶】无畏契约新枪！悍狼！太超模了！鸟狙版AK！！最强步枪来了！！！,0手残0,更像是553,0,0,2026-09-14T23:11:00+08:00,317470149088,
bilibili,BV1oWYy6gEiS,【笨奶】无畏契约新枪！悍狼！太超模了！鸟狙版AK！！最强步枪来了！！！,幼刀才不是小孩,回复 @0手残0 :更像cf的hk417,0,0,2026-09-15T02:17:00+08:00,317470149088,
bilibili,BV1oWYy6gEiS,【笨奶】无畏契约新枪！悍狼！太超模了！鸟狙版AK！！最强步枪来了！！！,ylokl,反正我感觉超大镜加上首发偏移小，架枪肯定比ak吊，其他的不好说,1,0,2026-09-14T14:30:00+08:00,317461509488,
bilibili,BV1oWYy6gEiS,【笨奶】无畏契约新枪！悍狼！太超模了！鸟狙版AK！！最强步枪来了！！！,索马里没有你,射速6.几，得半秒差不多,0,0,2026-09-14T15:02:00+08:00,317461509488,
bilibili,BV1oWYy6gEiS,【笨奶】无畏契约新枪！悍狼！太超模了！鸟狙版AK！！最强步枪来了！！！,盲目吃鱼的玳瑁猫,回复 @索马里没有你 :ttk跟ak是一样的，按你的算法ak也要半秒,0,0,2026-09-14T16:11:00+08:00,317461509488,
bilibili,BV1oWYy6gEiS,【笨奶】无畏契约新枪！悍狼！太超模了！鸟狙版AK！！最强步枪来了！！！,索马里没有你,回复 @盲目吃鱼的玳瑁猫 :我算错力，应该算间隔[捂脸],0,0,2026-09-14T16:39:00+08:00,317461509488,
bilibili,BV1oWYy6gEiS,【笨奶】无畏契约新枪！悍狼！太超模了！鸟狙版AK！！最强步枪来了！！！,嘿嘿黑魂,[爱心],0,0,2026-09-14T17:09:00+08:00,317461509488,
bilibili,BV1oWYy6gEiS,【笨奶】无畏契约新枪！悍狼！太超模了！鸟狙版AK！！最强步枪来了！！！,撕裂和发狂,什么反恐精英,1,0,2026-09-15T01:37:00+08:00,314000527873,
bilibili,BV1oWYy6gEiS,【笨奶】无畏契约新枪！悍狼！太超模了！鸟狙版AK！！最强步枪来了！！！,Sh1Q1_,比赛肯定不会上,0,0,2026-09-14T18:12:00+08:00,317477290352,
bilibili,BV1E7e56oEg6,nobody跟Smoggy久违双排，whzy孤独单排带双方视角，nobody：我都叫你了你干嘛答应王昊哲要玩啊，钊哥：不是我不知道你俩的事啊你怪我干啥呀,春-意盎-然,从EDG二连败淘汰穿越来的，原来这时候巴蒂和zz就已经。。。,74,3,2026-09-14T16:27:00+08:00,,
bilibili,BV1E7e56oEg6,nobody跟Smoggy久违双排，whzy孤独单排带双方视角，nobody：我都叫你了你干嘛答应王昊哲要玩啊，钊哥：不是我不知道你俩的事啊你怪我干啥呀,nobovo,结果俩人马上要双排了,46,0,2026-09-14T16:27:00+08:00,,
bilibili,BV1E7e56oEg6,nobody跟Smoggy久违双排，whzy孤独单排带双方视角，nobody：我都叫你了你干嘛答应王昊哲要玩啊，钊哥：不是我不知道你俩的事啊你怪我干啥呀,爱套点小狗的王森旭,已经貂蝉在一起,26,0,2026-09-14T16:36:00+08:00,,
bilibili,BV1E7e56oEg6,nobody跟Smoggy久违双排，whzy孤独单排带双方视角，nobody：我都叫你了你干嘛答应王昊哲要玩啊，钊哥：不是我不知道你俩的事啊你怪我干啥呀,双子又,哇哦[doge]明天不会把kk拉进来吧,15,0,2026-09-14T15:53:00+08:00,,
bilibili,BV1E7e56oEg6,nobody跟Smoggy久违双排，whzy孤独单排带双方视角，nobody：我都叫你了你干嘛答应王昊哲要玩啊，钊哥：不是我不知道你俩的事啊你怪我干啥呀,田保罗,从上海冠军赛总决赛穿越过来的，原来这时候 nobody 和张钊就已经[doge]……,6,0,2026-09-14T17:35:00+08:00,,
bilibili,BV1E7e56oEg6,nobody跟Smoggy久违双排，whzy孤独单排带双方视角，nobody：我都叫你了你干嘛答应王昊哲要玩啊，钊哥：不是我不知道你俩的事啊你怪我干啥呀,Nimiii_,zz问“你为什么不和wsx打了”就很……,5,0,2026-09-14T22:42:00+08:00,,
bilibili,BV1E7e56oEg6,nobody跟Smoggy久违双排，whzy孤独单排带双方视角，nobody：我都叫你了你干嘛答应王昊哲要玩啊，钊哥：不是我不知道你俩的事啊你怪我干啥呀,这只刺猬,好奇怪[doge][笑哭][笑哭],5,0,2026-09-14T15:40:00+08:00,,
bilibili,BV1E7e56oEg6,nobody跟Smoggy久违双排，whzy孤独单排带双方视角，nobody：我都叫你了你干嘛答应王昊哲要玩啊，钊哥：不是我不知道你俩的事啊你怪我干啥呀,雨扇扇扇扇,结果之后又去找whz双排去了[笑哭][笑哭]谁能看懂这大小王 这波钊哥也是幸福者退让了,3,0,2026-09-15T01:18:00+08:00,,
bilibili,BV1E7e56oEg6,nobody跟Smoggy久违双排，whzy孤独单排带双方视角，nobody：我都叫你了你干嘛答应王昊哲要玩啊，钊哥：不是我不知道你俩的事啊你怪我干啥呀,ruchan,家事不要发网站[doge],3,0,2026-09-14T23:29:00+08:00,,
bilibili,BV1E7e56oEg6,nobody跟Smoggy久违双排，whzy孤独单排带双方视角，nobody：我都叫你了你干嘛答应王昊哲要玩啊，钊哥：不是我不知道你俩的事啊你怪我干啥呀,ZMJJKKKKK777,你的眼睛到底能看到多远[doge],2,0,2026-09-14T16:49:00+08:00,317475324000,
bilibili,BV1E7e56oEg6,nobody跟Smoggy久违双排，whzy孤独单排带双方视角，nobody：我都叫你了你干嘛答应王昊哲要玩啊，钊哥：不是我不知道你俩的事啊你怪我干啥呀,嘻嘻咹,那这条世界线肯定不一样了[doge],0,0,2026-09-14T18:18:00+08:00,317475324000,
bilibili,BV1E7e56oEg6,nobody跟Smoggy久违双排，whzy孤独单排带双方视角，nobody：我都叫你了你干嘛答应王昊哲要玩啊，钊哥：不是我不知道你俩的事啊你怪我干啥呀,在下大魔王iii,cy[doge],0,0,2026-09-15T00:20:00+08:00,317475324000,
bilibili,BV116YB6NET8,康康cb被连秒3把后遇到演员，给对面老板报点还唱歃血挑衅 ，被打了个13：0康康释然无奈的笑了,21XxxL,省流17:25,2,0,2026-09-14T01:49:00+08:00,,
bilibili,BV1tjeV6BE64,nobody不下播看哲嘎直播等待，whzy：你怎么打这么晚啊，王哥：多播一会16强回来不敢开播了,_夜舟_,《我背后只有支撑自己的信念在》我真是雷霆爆笑了。。,82,0,2026-09-14T17:08:00+08:00,,
bilibili,BV1tjeV6BE64,nobody不下播看哲嘎直播等待，whzy：你怎么打这么晚啊，王哥：多播一会16强回来不敢开播了,fnc的kaajak本人-,神了依旧手言手语[笑哭],24,0,2026-09-14T17:11:00+08:00,,
bilibili,BV1tjeV6BE64,nobody不下播看哲嘎直播等待，whzy：你怎么打这么晚啊，王哥：多播一会16强回来不敢开播了,爱吃氧气罐头的眠羊,巴蒂太能串了,6,0,2026-09-14T18:02:00+08:00,,
bilibili,BV1tjeV6BE64,nobody不下播看哲嘎直播等待，whzy：你怎么打这么晚啊，王哥：多播一会16强回来不敢开播了,小路白yy,冠军赛回来的，原来在这里早有铺垫[doge],2,1,2026-09-15T01:09:00+08:00,,
bilibili,BV1tjeV6BE64,nobody不下播看哲嘎直播等待，whzy：你怎么打这么晚啊，王哥：多播一会16强回来不敢开播了,Rain-_-Forest,老手依旧爆炸发言,2,0,2026-09-15T00:23:00+08:00,,
bilibili,BV1tjeV6BE64,nobody不下播看哲嘎直播等待，whzy：你怎么打这么晚啊，王哥：多播一会16强回来不敢开播了,eternalMX,@BismarkOwO,1,0,2026-09-15T00:43:00+08:00,,
bilibili,BV1tjeV6BE64,nobody不下播看哲嘎直播等待，whzy：你怎么打这么晚啊，王哥：多播一会16强回来不敢开播了,你骂谁联通呢,@L--this,0,0,2026-09-15T02:16:00+08:00,,
bilibili,BV1tjeV6BE64,nobody不下播看哲嘎直播等待，whzy：你怎么打这么晚啊，王哥：多播一会16强回来不敢开播了,i我就没走,依旧大眼子,0,0,2026-09-15T01:18:00+08:00,313999703553,
bilibili,BV1xhY16sEzg,怪不得打游戏那么多年都没网恋过...,吴某的神,首评[doge],3,1,2026-09-14T10:37:00+08:00,,
bilibili,BV1xhY16sEzg,怪不得打游戏那么多年都没网恋过...,饭盒没饭,我将严肃学习话术,1,0,2026-09-15T01:00:00+08:00,,
bilibili,BV1xhY16sEzg,怪不得打游戏那么多年都没网恋过...,justLL,的首赞,1,0,2026-09-14T10:51:00+08:00,313949372225,
bilibili,BV19LYi6CEcr,板板....您听我狡辩.....,小梨花不是傻鸟,我是前排？！✿ヽ(°▽°)ノ✿,1,0,2026-09-13T13:32:00+08:00,,
bilibili,BV19LYi6CEcr,板板....您听我狡辩.....,无序人间,[吃瓜],0,0,2026-09-13T15:45:00+08:00,,
bilibili,BV19LYi6CEcr,板板....您听我狡辩.....,东城街溜子,我是第二[喜欢]，抽我一单先[doge][doge],0,0,2026-09-13T13:37:00+08:00,,
bilibili,BV19LYi6CEcr,板板....您听我狡辩.....,御坂无心,困难确实比办法多,0,0,2026-09-14T03:22:00+08:00,,
bilibili,BV19LYi6CEcr,板板....您听我狡辩.....,小雄虫,[打call][打call],0,0,2026-09-13T22:06:00+08:00,,
bilibili,BV19LYi6CEcr,板板....您听我狡辩.....,玫剑圣何时能精二,还有重名的？,0,0,2026-09-13T17:53:00+08:00,,
bilibili,BV19LYi6CEcr,板板....您听我狡辩.....,旧梦余生sunny,还有剧情模式,0,0,2026-09-13T15:28:00+08:00,,
bilibili,BV19LYi6CEcr,板板....您听我狡辩.....,希乐-HopeHappy,省流：安安（？电竞冷落老板[doge],0,0,2026-09-13T13:38:00+08:00,,
bilibili,BV1hgYr6pEs8,为什么我现在反而觉得钻石是最难受的段位？,关--机,我只能说每个人长期卡在一个特定的段位，都会感觉这个段位不舒服[吃瓜],4,0,2026-09-14T22:47:00+08:00,,
bilibili,BV1hgYr6pEs8,为什么我现在反而觉得钻石是最难受的段位？,DK_Gungn1r,elo机制让五个坏习惯各不相同的人野排到一起,2,3,2026-09-15T01:46:00+08:00,,
bilibili,BV1hgYr6pEs8,为什么我现在反而觉得钻石是最难受的段位？,一条可爱的小龍,神一才难受吧[笑哭]加分少扣分多，老匹混上来的超凡跟神二直接降维打击[笑哭]一点招没有,2,0,2026-09-14T17:49:00+08:00,,
bilibili,BV1hgYr6pEs8,为什么我现在反而觉得钻石是最难受的段位？,Song_YuAn_1105,钻超差不多的感觉,0,1,2026-09-15T01:42:00+08:00,,
bilibili,BV1hgYr6pEs8,为什么我现在反而觉得钻石是最难受的段位？,小爱mama,咋没人评论[doge],0,0,2026-09-14T14:29:00+08:00,,
bilibili,BV1hgYr6pEs8,为什么我现在反而觉得钻石是最难受的段位？,北冥系咸鱼,我想用AI做点啥视频，但没想出来做什么[笑哭],0,0,2026-09-14T19:58:00+08:00,,
bilibili,BV1hgYr6pEs8,为什么我现在反而觉得钻石是最难受的段位？,风起落兮-,看成五个野人排到一起了🙏,1,0,2026-09-15T01:58:00+08:00,317495698224,
bilibili,BV1hgYr6pEs8,为什么我现在反而觉得钻石是最难受的段位？,DK_Gungn1r,回复 @风起落兮- :很可惜 坐在屏幕前的大概不是野人 野人在野外用的是野生电脑 不是家用电脑[doge],1,0,2026-09-15T01:59:00+08:00,317495698224,
bilibili,BV1hgYr6pEs8,为什么我现在反而觉得钻石是最难受的段位？,风起落兮-,回复 @DK_Gungn1r :[笑哭][笑哭],0,0,2026-09-15T02:00:00+08:00,317495698224,
bilibili,BV1hgYr6pEs8,为什么我现在反而觉得钻石是最难受的段位？,SuzukaNo1,个人感觉钻石队友很多不说话的就很难打，因为这游戏只要对面交流水平不低自己这边不交流就很难赢，赋能来了也难搞，一局就俩说话的，不可能一直看小地图拿信息的，这种输了是真难受,0,0,2026-09-15T01:58:00+08:00,317495492832,
bilibili,BV1BBeV6WEcQ,【smoggy】看着太心酸了！被瞬秒了手还在架狙 隔了一会才反应过来 队友死完了还不知道对面打哪 还被巴蒂嫌弃！,我特么胡瓜碎颅杀,这标题给张钊写成老年痴呆了[吃瓜],34,0,2026-09-15T00:32:00+08:00,,
bilibili,BV1BBeV6WEcQ,【smoggy】看着太心酸了！被瞬秒了手还在架狙 隔了一会才反应过来 队友死完了还不知道对面打哪 还被巴蒂嫌弃！,极清如雪,巴蒂被鞭那里我真的没绷住,14,0,2026-09-14T19:26:00+08:00,,
bilibili,BV1BBeV6WEcQ,【smoggy】看着太心酸了！被瞬秒了手还在架狙 隔了一会才反应过来 队友死完了还不知道对面打哪 还被巴蒂嫌弃！,你叫我什么态度,电脑卡了谁能崩住,0,0,2026-09-15T01:46:00+08:00,,
bilibili,BV1BBeV6WEcQ,【smoggy】看着太心酸了！被瞬秒了手还在架狙 隔了一会才反应过来 队友死完了还不知道对面打哪 还被巴蒂嫌弃！,Dor0A梦,@南空清酒 开头打cs来了,0,0,2026-09-15T01:08:00+08:00,,
bilibili,BV1BBeV6WEcQ,【smoggy】看着太心酸了！被瞬秒了手还在架狙 隔了一会才反应过来 队友死完了还不知道对面打哪 还被巴蒂嫌弃！,啊慷仔,最后一局确实是放c输的[doge],0,0,2026-09-14T23:39:00+08:00,,
bilibili,BV15hYv6yErg,9月16日20:00，2026无畏契约全球冠军赛前瞻发布会,スパー桜島_麻衣,经典促甲状腺激素释放激素,2578,73,2026-09-13T06:36:00+08:00,,
bilibili,BV15hYv6yErg,9月16日20:00，2026无畏契约全球冠军赛前瞻发布会,迷失中前进,《为了心中的梦～浴血奋战像一阵狂风～黑夜会释放～光！明！》,1460,20,2026-09-13T06:30:00+08:00,,
bilibili,BV15hYv6yErg,9月16日20:00，2026无畏契约全球冠军赛前瞻发布会,antar3s-,塞拉斯：【R技能】“其人之道”-已就绪,863,14,2026-09-13T06:51:00+08:00,,
bilibili,BV15hYv6yErg,9月16日20:00，2026无畏契约全球冠军赛前瞻发布会,酱香大板鸭,真让你们说中了,621,7,2026-09-13T06:26:00+08:00,,
bilibili,BV15hYv6yErg,9月16日20:00，2026无畏契约全球冠军赛前瞻发布会,长野原寒策,什么叫国服最大版本更新[Mygo表情包_探头],442,41,2026-09-13T06:26:00+08:00,,
bilibili,BV15hYv6yErg,9月16日20:00，2026无畏契约全球冠军赛前瞻发布会,伽拉忒亚_Galateee,我有一个巨爆的想法，一级狐狸双刀模组，二级全新双扇模组。有感觉吗,394,37,2026-09-13T06:58:00+08:00,,
bilibili,BV15hYv6yErg,9月16日20:00，2026无畏契约全球冠军赛前瞻发布会,天羽_Official,你是什么二游吗，还搞个前瞻？要不发个兑换码，然后给个什么10r点的重磅奖励,275,23,2026-09-13T07:35:00+08:00,,
bilibili,BV15hYv6yErg,9月16日20:00，2026无畏契约全球冠军赛前瞻发布会,bili_454253085,这么大的活动，一定有很多福利吧[星星眼],270,22,2026-09-13T07:33:00+08:00,,
bilibili,BV15hYv6yErg,9月16日20:00，2026无畏契约全球冠军赛前瞻发布会,ZakoNya,国服最大版本更新： 1.七天通行证给50r点 2.送一把石的一坨的枪皮 3.砍废一些玩家喜爱的角色 4.更新ace导致卡顿更大 5.宣传禁止炸鱼但该炸还炸,248,10,2026-09-13T08:39:00+08:00,,
bilibili,BV15hYv6yErg,9月16日20:00，2026无畏契约全球冠军赛前瞻发布会,赵暮浔,送特效皮我给你们一次[笑哭],229,23,2026-09-13T09:12:00+08:00,,
bilibili,BV15hYv6yErg,9月16日20:00，2026无畏契约全球冠军赛前瞻发布会,哇难受的一批,皮肤还发布会，你什么科技公司[星星眼],219,7,2026-09-13T07:18:00+08:00,,
bilibili,BV15hYv6yErg,9月16日20:00，2026无畏契约全球冠军赛前瞻发布会,尼尼孩孩-major-冠军,依旧保密协议做得最好的公司，依旧吊人胃口，依旧冠军套国家机密[星星眼],207,3,2026-09-13T06:34:00+08:00,,
bilibili,BV15hYv6yErg,9月16日20:00，2026无畏契约全球冠军赛前瞻发布会,Sato莉莉梓,依旧预告的预告，你无敌了,125,0,2026-09-13T07:03:00+08:00,,
bilibili,BV15hYv6yErg,9月16日20:00，2026无畏契约全球冠军赛前瞻发布会,银翅沙丁鱼儿,到底是谁发明的预告的预告[笑哭]怎么全都在用,91,4,2026-09-13T08:16:00+08:00,,
bilibili,BV15hYv6yErg,9月16日20:00，2026无畏契约全球冠军赛前瞻发布会,白云泥,一般来说 藏的越久的皮肤 是不是质量就更差[思考],79,30,2026-09-13T09:00:00+08:00,,
bilibili,BV15hYv6yErg,9月16日20:00，2026无畏契约全球冠军赛前瞻发布会,vamus,破案了,77,3,2026-09-13T12:23:00+08:00,,
bilibili,BV15hYv6yErg,9月16日20:00，2026无畏契约全球冠军赛前瞻发布会,七期二叁,这玩意儿也来个前瞻的前瞻，要不发个兑换码，一个兑换码10R点咋样[笑哭],66,3,2026-09-13T09:17:00+08:00,,
bilibili,BV15hYv6yErg,9月16日20:00，2026无畏契约全球冠军赛前瞻发布会,MUAD-DIB,依旧促甲状腺激素释放激素,64,1,2026-09-13T06:26:00+08:00,,
bilibili,BV15hYv6yErg,9月16日20:00，2026无畏契约全球冠军赛前瞻发布会,lr总司令,高僧预测：一级爪刀，二级直刀，三级蝴蝶刀，四级扇子，五级苦无，六级熊刀，七级双刀，八级三棱，九级新模组,46,3,2026-09-13T15:13:00+08:00,,
bilibili,BV15hYv6yErg,9月16日20:00，2026无畏契约全球冠军赛前瞻发布会,费城大巨臀登登,说福利这块的，应该去推上刷，能看得出来腾讯已经很努力再送一些没用的小东西了，但是拳头不送枪皮腾讯也不能送啊,37,9,2026-09-14T02:00:00+08:00,,
bilibili,BV15hYv6yErg,9月16日20:00，2026无畏契约全球冠军赛前瞻发布会,TraceRain-寻雨,来个一级熊刀二级扇子三级能切换爪刀我就不骂扇子了[笑哭],34,4,2026-09-13T13:16:00+08:00,,
bilibili,BV15hYv6yErg,9月16日20:00，2026无畏契约全球冠军赛前瞻发布会,日向ニャン,国家机密冠军套[喜极而泣],34,0,2026-09-14T10:33:00+08:00,,
bilibili,BV15hYv6yErg,9月16日20:00，2026无畏契约全球冠军赛前瞻发布会,监视图腾,所以这是前瞻发布会的前瞻,27,1,2026-09-13T11:15:00+08:00,,
bilibili,BV15hYv6yErg,9月16日20:00，2026无畏契约全球冠军赛前瞻发布会,花开不谢超风,作为一个马来西亚人 我想说25年冠军套在8月31号 国庆日公布 26年竟然在9月16号 马来西亚日公布 太巧了,27,0,2026-09-13T08:24:00+08:00,,
bilibili,BV15hYv6yErg,9月16日20:00，2026无畏契约全球冠军赛前瞻发布会,蓝天不太冷静,感觉今年冠军套会是史上最强 因为我钱已经充完了不管怎样都得买了,26,1,2026-09-14T10:46:00+08:00,,
bilibili,BV15hYv6yErg,9月16日20:00，2026无畏契约全球冠军赛前瞻发布会,暮雪落花留霜华,不要扇子的集合[微笑],16,2,2026-09-14T02:59:00+08:00,,
bilibili,BV15hYv6yErg,9月16日20:00，2026无畏契约全球冠军赛前瞻发布会,九万里风在下-,要是能夺冠这游戏在国内还得大火一次，可惜八成没戏了,8,1,2026-09-13T09:58:00+08:00,,
bilibili,BV15hYv6yErg,9月16日20:00，2026无畏契约全球冠军赛前瞻发布会,杂食大恐龙,《最大更新》《最重磅活动》我倒要看看怎么个事儿，要还是时尚小垃圾，超绝贴图皮你等着被轰炸吧😅,3,0,2026-09-13T10:29:00+08:00,,
bilibili,BV15hYv6yErg,9月16日20:00，2026无畏契约全球冠军赛前瞻发布会,柊一愚,你还搞上前瞻直播了,3,0,2026-09-13T07:37:00+08:00,,
bilibili,BV15hYv6yErg,9月16日20:00，2026无畏契约全球冠军赛前瞻发布会,扣分记八宝粥行动账上,额有没有人跟我一样，觉得这个主题曲的嘶吼很怪，有种为了吼而吼，一点都不自然[藏狐],2,0,2026-09-13T08:38:00+08:00,,
bilibili,BV15hYv6yErg,9月16日20:00，2026无畏契约全球冠军赛前瞻发布会,蛋炒的蛋炒饭,还有生物课代表[doge_金箍],46,0,2026-09-13T06:50:00+08:00,317315571632,
bilibili,BV15hYv6yErg,9月16日20:00，2026无畏契约全球冠军赛前瞻发布会,亓菜孑,没绷住,153,0,2026-09-13T06:52:00+08:00,317315571632,
bilibili,BV15hYv6yErg,9月16日20:00，2026无畏契约全球冠军赛前瞻发布会,王源别给丁针发烟,找了一圈就你最难绷,41,0,2026-09-13T07:28:00+08:00,317315571632,
bilibili,BV15hYv6yErg,9月16日20:00，2026无畏契约全球冠军赛前瞻发布会,凌晨两点的yellow,@理塘丁真官方工作号 笑死我了,8,0,2026-09-13T07:33:00+08:00,317315571632,
bilibili,BV15hYv6yErg,9月16日20:00，2026无畏契约全球冠军赛前瞻发布会,HurryUpTomorrow_,啥意思啊看不懂,0,0,2026-09-13T07:48:00+08:00,317315571632,
bilibili,BV15hYv6yErg,9月16日20:00，2026无畏契约全球冠军赛前瞻发布会,贡品小车,回复 @HurryUpTomorrow_ : 人体内分泌系统里有一套分泌流程是A促进B的分泌，B促进C的分泌，这个视频是冠军赛预告直播的预告，吐槽官方吊胃口,216,0,2026-09-13T07:52:00+08:00,317315571632,
bilibili,BV15hYv6yErg,9月16日20:00，2026无畏契约全球冠军赛前瞻发布会,忧郁的鹏大王,回复 @HurryUpTomorrow_ :他说的是一直促进甲状腺激素释放的激素，就和这官方预告的预告一样,26,0,2026-09-13T07:52:00+08:00,317315571632,
bilibili,BV15hYv6yErg,9月16日20:00，2026无畏契约全球冠军赛前瞻发布会,红豆泥2-,回复 @HurryUpTomorrow_ :意思就是发了个预告上海冠军赛内容的预告视频,18,0,2026-09-13T07:53:00+08:00,317315571632,
bilibili,BV15hYv6yErg,9月16日20:00，2026无畏契约全球冠军赛前瞻发布会,我真的不想早八a,回复 @HurryUpTomorrow_ :人体内有这三种激素，甲状腺激素，促甲状腺激素，促甲状腺激素释放激素，可以把皮肤发布视作甲状腺激素，促甲状腺激素就是爆料，那么促甲状腺激素释放激素就是爆料的爆料，用来讽刺拳头爆料晚喜欢藏,60,0,2026-09-13T07:53:00+08:00,317315571632,
bilibili,BV15hYv6yErg,9月16日20:00，2026无畏契约全球冠军赛前瞻发布会,西依奥XiAO,这到底谁绷得住,7,0,2026-09-13T07:53:00+08:00,317315571632,
bilibili,BV15hYv6yErg,9月16日20:00，2026无畏契约全球冠军赛前瞻发布会,酱香大板鸭,铠甲勇士刑天没毛终结特效就这个吧！[滑稽],165,0,2026-09-13T06:31:00+08:00,313828943281,
bilibili,BV15hYv6yErg,9月16日20:00，2026无畏契约全球冠军赛前瞻发布会,鳴梦魚,[笑哭],4,0,2026-09-13T06:32:00+08:00,313828943281,
bilibili,BV15hYv6yErg,9月16日20:00，2026无畏契约全球冠军赛前瞻发布会,牢柿子qwq,刑天致敬过这段,21,0,2026-09-13T06:42:00+08:00,313828943281,
bilibili,BV15hYv6yErg,9月16日20:00，2026无畏契约全球冠军赛前瞻发布会,我叫龙爪槐,像发光的米米头（[doge]）,8,0,2026-09-13T07:02:00+08:00,313828943281,
bilibili,BV15hYv6yErg,9月16日20:00，2026无畏契约全球冠军赛前瞻发布会,The-Chariot_VII,刑天来的,6,0,2026-09-13T07:04:00+08:00,313828943281,
bilibili,BV15hYv6yErg,9月16日20:00，2026无畏契约全球冠军赛前瞻发布会,嫉妒魔女纱提拉,发光仍头,9,0,2026-09-13T07:16:00+08:00,313828943281,
bilibili,BV15hYv6yErg,9月16日20:00，2026无畏契约全球冠军赛前瞻发布会,无壳鸡蛋,这不会和终结特效有关吧，而且冠军曲也和sun burns out 有关,3,0,2026-09-13T07:40:00+08:00,313828943281,
bilibili,BV15hYv6yErg,9月16日20:00，2026无畏契约全球冠军赛前瞻发布会,Mam1hlapinatapa1,怎么有个奶头,2,0,2026-09-13T07:47:00+08:00,313828943281,
bilibili,BV15hYv6yErg,9月16日20:00，2026无畏契约全球冠军赛前瞻发布会,遠野咕咚丶屹,谁懂刚看完械练司的刑天新品就刷到这个视频的惊讶感[笑哭],2,0,2026-09-13T07:59:00+08:00,313828943281,
bilibili,BV15hYv6yErg,9月16日20:00，2026无畏契约全球冠军赛前瞻发布会,下饭的skr,不是“五条横着的凶”？,9,0,2026-09-13T08:13:00+08:00,313828943281,
bilibili,BV15hYv6yErg,9月16日20:00，2026无畏契约全球冠军赛前瞻发布会,你这我不好说,你不许偷[大哭][大哭][大哭],112,0,2026-09-13T07:12:00+08:00,313830937969,
bilibili,BV15hYv6yErg,9月16日20:00，2026无畏契约全球冠军赛前瞻发布会,antar3s-,回复 @你这我不好说 :[doge]我就要偷,9,0,2026-09-13T07:13:00+08:00,313830937969,
bilibili,BV15hYv6yErg,9月16日20:00，2026无畏契约全球冠军赛前瞻发布会,男友君,🤖：你已被剥夺力量[汤圆],108,0,2026-09-13T07:32:00+08:00,313830937969,
bilibili,BV15hYv6yErg,9月16日20:00，2026无畏契约全球冠军赛前瞻发布会,蓝庭official,🤖：FIFA操作一领禁止！你已被剥夺力量！[汤圆],28,0,2026-09-13T08:57:00+08:00,313830937969,
bilibili,BV15hYv6yErg,9月16日20:00，2026无畏契约全球冠军赛前瞻发布会,音乃濑奏_,解脱者:已质变:回归基本功,15,0,2026-09-13T09:18:00+08:00,313830937969,
bilibili,BV15hYv6yErg,9月16日20:00，2026无畏契约全球冠军赛前瞻发布会,离谱妹,回复 @男友君 :我看到了你友君,0,0,2026-09-13T09:51:00+08:00,313830937969,
bilibili,BV15hYv6yErg,9月16日20:00，2026无畏契约全球冠军赛前瞻发布会,男友君,回复 @离谱妹 :你好👋,0,0,2026-09-13T10:27:00+08:00,313830937969,
bilibili,BV15hYv6yErg,9月16日20:00，2026无畏契约全球冠军赛前瞻发布会,离谱妹,回复 @男友君 :回来吧友军我已经是十级长老了,0,0,2026-09-13T10:29:00+08:00,313830937969,
bilibili,BV15hYv6yErg,9月16日20:00，2026无畏契约全球冠军赛前瞻发布会,男友君,回复 @离谱妹 :到达胜利之前无法回头,1,0,2026-09-13T10:31:00+08:00,313830937969,
bilibili,BV15hYv6yErg,9月16日20:00，2026无畏契约全球冠军赛前瞻发布会,捷哥不是杰哥,[BLG青春风暴表情包_佛系],1,0,2026-09-13T12:45:00+08:00,313830937969,
bilibili,BV15hYv6yErg,9月16日20:00，2026无畏契约全球冠军赛前瞻发布会,你这我不好说,说中什么了,0,0,2026-09-13T06:30:00+08:00,317314696144,
bilibili,BV15hYv6yErg,9月16日20:00，2026无畏契约全球冠军赛前瞻发布会,zero_bits,回复 @你这我不好说 :龙蛇双握,6,0,2026-09-13T06:31:00+08:00,317314696144,
bilibili,BV15hYv6yErg,9月16日20:00，2026无畏契约全球冠军赛前瞻发布会,meownov,回复 @zero_bits :哪里看出双握的啊,9,0,2026-09-13T06:35:00+08:00,317314696144,
bilibili,BV15hYv6yErg,9月16日20:00，2026无畏契约全球冠军赛前瞻发布会,丨emo酱丨,龙蛇主题是很早很早就爆出来的,84,0,2026-09-13T06:37:00+08:00,317314696144,
bilibili,BV15hYv6yErg,9月16日20:00，2026无畏契约全球冠军赛前瞻发布会,面白い人,应该是歌名，之前有人翻译就是炽日将烬,225,0,2026-09-13T06:37:00+08:00,317314696144,
bilibili,BV15hYv6yErg,9月16日20:00，2026无畏契约全球冠军赛前瞻发布会,你这我不好说,回复 @zero_bits :哦哦哦，谢谢,1,0,2026-09-13T06:43:00+08:00,317314696144,
bilibili,BV15hYv6yErg,9月16日20:00，2026无畏契约全球冠军赛前瞻发布会,破败的囚徒,回复 @meownov :看图啊,1,0,2026-09-13T06:49:00+08:00,317314696144,
bilibili,BV15hYv6yErg,9月16日20:00，2026无畏契约全球冠军赛前瞻发布会,康神的大帮柔,意思是要出荣耀水晶转盘抽奖贵族等级了,609,0,2026-09-13T06:27:00+08:00,313828541729,
bilibili,BV15hYv6yErg,9月16日20:00，2026无畏契约全球冠军赛前瞻发布会,无畏契约,[doge]期待一下,171,0,2026-09-13T06:29:00+08:00,313828541729,
bilibili,BV15hYv6yErg,9月16日20:00，2026无畏契约全球冠军赛前瞻发布会,KF460,回复 @无畏契约 :希望加模式,11,0,2026-09-13T06:30:00+08:00,313828541729,
bilibili,BV15hYv6yErg,9月16日20:00，2026无畏契约全球冠军赛前瞻发布会,C0raline,冠军套，新模式，英雄奖励调整，看爆料好像还有个新的商店机制，应该还有新特工吧？最近看到的爆料就这些,59,0,2026-09-13T06:31:00+08:00,313828541729,
bilibili,BV15hYv6yErg,9月16日20:00，2026无畏契约全球冠军赛前瞻发布会,帷幕满天星,回复 @无畏契约 :原来你看评论的呀[微笑][微笑],47,0,2026-09-13T06:32:00+08:00,313828541729,
bilibili,BV15hYv6yErg,9月16日20:00，2026无畏契约全球冠军赛前瞻发布会,桐原呐,加点娱乐模式,3,0,2026-09-13T06:33:00+08:00,313828541729,
bilibili,BV15hYv6yErg,9月16日20:00，2026无畏契约全球冠军赛前瞻发布会,费雷神,回复 @帷幕满天星 :你猜平时为什么不回复,11,0,2026-09-13T06:41:00+08:00,313828541729,
bilibili,BV15hYv6yErg,9月16日20:00，2026无畏契约全球冠军赛前瞻发布会,玖依不是91,回复 @无畏契约 :哇咔咔给我送一套冠军套,1,0,2026-09-13T06:54:00+08:00,313828541729,
bilibili,BV15hYv6yErg,9月16日20:00，2026无畏契约全球冠军赛前瞻发布会,秋合景墨,回复 @帷幕满天星 :看评论，但是国服就像无能的丈夫，只能看不能改,28,0,2026-09-13T07:18:00+08:00,313828541729,
bilibili,BV15hYv6yErg,9月16日20:00，2026无畏契约全球冠军赛前瞻发布会,是蓝星星呀,回复 @无畏契约 :娱乐模式没有，人机模式总得有吧[微笑],2,0,2026-09-13T07:24:00+08:00,313828541729,
bilibili,BV15hYv6yErg,9月16日20:00，2026无畏契约全球冠军赛前瞻发布会,泸州下小雨,如果真这样直接无敌,88,0,2026-09-13T07:01:00+08:00,313831648129,
bilibili,BV15hYv6yErg,9月16日20:00，2026无畏契约全球冠军赛前瞻发布会,只是一滴雨,除非他以后的刀都不想卖了,69,0,2026-09-13T07:06:00+08:00,313831648129,
bilibili,BV15hYv6yErg,9月16日20:00，2026无畏契约全球冠军赛前瞻发布会,cx残星,我也感觉是这个兄弟,1,0,2026-09-13T07:12:00+08:00,313831648129,
bilibili,BV15hYv6yErg,9月16日20:00，2026无畏契约全球冠军赛前瞻发布会,再高伍公分,暗域界碑?,0,0,2026-09-13T07:12:00+08:00,313831648129,
bilibili,BV15hYv6yErg,9月16日20:00，2026无畏契约全球冠军赛前瞻发布会,luv4y1h,卖爆了,5,0,2026-09-13T07:19:00+08:00,313831648129,
bilibili,BV15hYv6yErg,9月16日20:00，2026无畏契约全球冠军赛前瞻发布会,天帝爷,拳头出太顶级的后面皮肤不好卖了,13,0,2026-09-13T07:19:00+08:00,313831648129,
bilibili,BV15hYv6yErg,9月16日20:00，2026无畏契约全球冠军赛前瞻发布会,爱吃美味蛋炒饭,你这双眼睛到底看到了多远？,3,0,2026-09-13T07:20:00+08:00,313831648129,
bilibili,BV15hYv6yErg,9月16日20:00，2026无畏契约全球冠军赛前瞻发布会,雨將,双扇？嘎嘎的辣虾,17,0,2026-09-13T07:24:00+08:00,313831648129,
bilibili,BV15hYv6yErg,9月16日20:00，2026无畏契约全球冠军赛前瞻发布会,失语海-,双扇？ 安然吗？,3,0,2026-09-13T07:30:00+08:00,313831648129,
bilibili,BV15hYv6yErg,9月16日20:00，2026无畏契约全球冠军赛前瞻发布会,亦不可以,回复 @雨將 :两把刀变一把扇吧,2,0,2026-09-13T07:34:00+08:00,313831648129,
bilibili,BV15hYv6yErg,9月16日20:00，2026无畏契约全球冠军赛前瞻发布会,天羽_Official,回复 @Aimiaimia :包不送的啊，给个挂饰拿着玩去吧[大笑][大笑][大笑],23,0,2026-09-13T07:37:00+08:00,313834836561,
bilibili,BV15hYv6yErg,9月16日20:00，2026无畏契约全球冠军赛前瞻发布会,随便了都行,还想要 r 点？给个垃圾头像,2,0,2026-09-13T07:41:00+08:00,313834836561,
bilibili,BV15hYv6yErg,9月16日20:00，2026无畏契约全球冠军赛前瞻发布会,熟睡浅眠l,回复 @Aimiaimia :给个贴图皮购买资格你就老实了[doge_金箍],6,0,2026-09-13T07:41:00+08:00,313834836561,
bilibili,BV15hYv6yErg,9月16日20:00，2026无畏契约全球冠军赛前瞻发布会,黑帅Vic,瓦的福利这些国服和外服是分开的吗，我是萌新没怎么了解过[思考],0,0,2026-09-13T07:43:00+08:00,313834836561,
bilibili,BV15hYv6yErg,9月16日20:00，2026无畏契约全球冠军赛前瞻发布会,RoXy0o0,回复 @黑帅Vic :一样的其实是瓦这游戏一直这么抠,6,0,2026-09-13T07:45:00+08:00,313834836561,
bilibili,BV15hYv6yErg,9月16日20:00，2026无畏契约全球冠军赛前瞻发布会,玖依不是91,回复 @随便了都行 :瓦哪来的头像,0,0,2026-09-13T07:48:00+08:00,313834836561,
bilibili,BV15hYv6yErg,9月16日20:00，2026无畏契约全球冠军赛前瞻发布会,AH晓诺冰,回复 @黑帅Vic :一直是分开的，甚至外服毛都没有，国服启动器登录界面下面时不时送你点时尚小垃圾[笑哭],8,0,2026-09-13T07:48:00+08:00,313834836561,
bilibili,BV15hYv6yErg,9月16日20:00，2026无畏契约全球冠军赛前瞻发布会,Duke_-,回复 @Aimiaimia :送r点也能称得上福利吗，r点设计出来就是恶心玩家的还卖的死贵，如果送10r点你就顺从了哪当我们没说,0,0,2026-09-13T07:49:00+08:00,313834836561,
bilibili,BV15hYv6yErg,9月16日20:00，2026无畏契约全球冠军赛前瞻发布会,贡品小车,真得给你送点神秘掌瓦贴纸了,2,0,2026-09-13T07:50:00+08:00,313834836561,
bilibili,BV15hYv6yErg,9月16日20:00，2026无畏契约全球冠军赛前瞻发布会,AAA假面愚者,回复 @Aimiaimia :二游给我300还能抽两下呢，这个给我10r点没皮肤也用不了啊,2,0,2026-09-13T07:55:00+08:00,313834836561,
bilibili,BV15hYv6yErg,9月16日20:00，2026无畏契约全球冠军赛前瞻发布会,变の石,送几个卡面得了,29,0,2026-09-13T07:35:00+08:00,313834725009,
bilibili,BV15hYv6yErg,9月16日20:00，2026无畏契约全球冠军赛前瞻发布会,王源别给丁针发烟,一直烦串不串,24,0,2026-09-13T07:36:00+08:00,313834725009,
bilibili,BV15hYv6yErg,9月16日20:00，2026无畏契约全球冠军赛前瞻发布会,我真的不想早八a,送你几个挂饰卡面自己玩去吧[笑哭],103,0,2026-09-13T07:54:00+08:00,313834725009,
bilibili,BV15hYv6yErg,9月16日20:00，2026无畏契约全球冠军赛前瞻发布会,橘色的加州阳光z,爱玩玩不爱玩不玩呗，哪来这么多事,1,0,2026-09-13T08:05:00+08:00,313834725009,
bilibili,BV15hYv6yErg,9月16日20:00，2026无畏契约全球冠军赛前瞻发布会,Heartlosen_浅川凝陌,回复 @橘色的加州阳光z :[星星眼],9,0,2026-09-13T08:13:00+08:00,313834725009,
bilibili,BV15hYv6yErg,9月16日20:00，2026无畏契约全球冠军赛前瞻发布会,通天魔皖鸭鸭道爷自信,回复 @橘色的加州阳光z :这倒提醒我了,4,0,2026-09-13T08:15:00+08:00,313834725009,
bilibili,BV15hYv6yErg,9月16日20:00，2026无畏契约全球冠军赛前瞻发布会,Ghetsis_,10r点，卡面，挂饰还不够吗,0,0,2026-09-13T08:18:00+08:00,313834725009,
bilibili,BV15hYv6yErg,9月16日20:00，2026无畏契约全球冠军赛前瞻发布会,神医萧河,卡面福报少不了您的[藏狐],1,0,2026-09-13T09:25:00+08:00,313834725009,
bilibili,BV15hYv6yErg,9月16日20:00，2026无畏契约全球冠军赛前瞻发布会,蜂镁人,送你个挂架你乐去吧，哦对了，这个还要邀请好友得机会哦[星星眼],0,0,2026-09-13T09:52:00+08:00,313834725009,
bilibili,BV15hYv6yErg,9月16日20:00，2026无畏契约全球冠军赛前瞻发布会,流光曳空,赐予你买冠军套的资格，还不快感激涕零谢恩[笑哭],3,0,2026-09-13T10:03:00+08:00,313834725009,
bilibili,BV15hYv6yErg,9月16日20:00，2026无畏契约全球冠军赛前瞻发布会,不想努力狠狠摆烂,50？20！,69,0,2026-09-13T08:42:00+08:00,313840736257,
bilibili,BV15hYv6yErg,9月16日20:00，2026无畏契约全球冠军赛前瞻发布会,不圆的球1145,50？哪里来的这么多[笑哭],16,0,2026-09-13T08:52:00+08:00,313840736257,
bilibili,BV15hYv6yErg,9月16日20:00，2026无畏契约全球冠军赛前瞻发布会,ZakoNya,回复 @不圆的球1145 :因为是最大更新[害羞]，给20会被骂死，给50会被骂废,6,0,2026-09-13T09:06:00+08:00,313840736257,
bilibili,BV15hYv6yErg,9月16日20:00，2026无畏契约全球冠军赛前瞻发布会,不圆的球1145,回复 @ZakoNya :它要脸吗[笑哭]能给20都不错了[笑哭][热][热][热],1,0,2026-09-13T10:55:00+08:00,313840736257,
bilibili,BV15hYv6yErg,9月16日20:00，2026无畏契约全球冠军赛前瞻发布会,潇潇暮雨s,50在做梦,1,0,2026-09-13T12:48:00+08:00,313840736257,
bilibili,BV15hYv6yErg,9月16日20:00，2026无畏契约全球冠军赛前瞻发布会,-H02192h-,50？20[笑哭],0,0,2026-09-14T07:58:00+08:00,313840736257,
bilibili,BV15hYv6yErg,9月16日20:00，2026无畏契约全球冠军赛前瞻发布会,木閑_,说了冠军赛通行证只给20r点[笑哭],0,0,2026-09-14T09:51:00+08:00,313840736257,
bilibili,BV15hYv6yErg,9月16日20:00，2026无畏契约全球冠军赛前瞻发布会,rasyy-,炸鱼还真封的挺严的，我朋友直接机器码封一个月[笑哭][笑哭],1,0,2026-09-14T11:13:00+08:00,313840736257,
bilibili,BV15hYv6yErg,9月16日20:00，2026无畏契约全球冠军赛前瞻发布会,ちょ萌え,怎么可能给50，给30都是太阳打西边出来了,2,0,2026-09-14T11:48:00+08:00,313840736257,
bilibili,BV15hYv6yErg,9月16日20:00，2026无畏契约全球冠军赛前瞻发布会,瑶儿衣谷,回复 @rasyy- :反诈鱼封的更严,0,0,2026-09-14T12:44:00+08:00,313840736257,
bilibili,BV15hYv6yErg,9月16日20:00，2026无畏契约全球冠军赛前瞻发布会,雨笙南,蹲[doge_金箍],8,0,2026-09-13T09:14:00+08:00,317330476704,
bilibili,BV15hYv6yErg,9月16日20:00，2026无畏契约全球冠军赛前瞻发布会,哈基蒜鸟,我也有份吗[星星眼],8,0,2026-09-13T09:16:00+08:00,317330476704,
bilibili,BV15hYv6yErg,9月16日20:00，2026无畏契约全球冠军赛前瞻发布会,这只刺猬,又在做梦了🤤，哈哈啊哈哈，怎么可能[笑哭][笑哭],6,0,2026-09-13T09:17:00+08:00,317330476704,
bilibili,BV15hYv6yErg,9月16日20:00，2026无畏契约全球冠军赛前瞻发布会,富贵的阿晴,兄弟，我有洁癖我能第一个吗[喜欢],15,0,2026-09-13T09:17:00+08:00,317330476704,
bilibili,BV15hYv6yErg,9月16日20:00，2026无畏契约全球冠军赛前瞻发布会,王泪-Zelda,[胜利][微笑][胜利]蹲,1,0,2026-09-13T09:18:00+08:00,317330476704,
bilibili,BV15hYv6yErg,9月16日20:00，2026无畏契约全球冠军赛前瞻发布会,神人六字id,想当处直说[笑哭],5,0,2026-09-13T09:18:00+08:00,317330476704,
bilibili,BV15hYv6yErg,9月16日20:00，2026无畏契约全球冠军赛前瞻发布会,06361685,有洁癖的最后一个，打扫得干净一些,57,0,2026-09-13T09:19:00+08:00,317330476704,
bilibili,BV15hYv6yErg,9月16日20:00，2026无畏契约全球冠军赛前瞻发布会,星星可以唱歌,我想喝粥我排最后[呲牙][呲牙],6,0,2026-09-13T09:20:00+08:00,317330476704,
bilibili,BV15hYv6yErg,9月16日20:00，2026无畏契约全球冠军赛前瞻发布会,橙默le,兄弟兄弟，我给你送个特效皮[星星眼],5,0,2026-09-13T09:21:00+08:00,317330476704,
bilibili,BV15hYv6yErg,9月16日20:00，2026无畏契约全球冠军赛前瞻发布会,Fleetin-,兄弟兄弟我可以发枪[星星眼],3,0,2026-09-13T09:22:00+08:00,317330476704,
bilibili,BV15hYv6yErg,9月16日20:00，2026无畏契约全球冠军赛前瞻发布会,卫昶离,尬黑了，主要是新版本,14,0,2026-09-13T07:32:00+08:00,313833366257,
bilibili,BV15hYv6yErg,9月16日20:00，2026无畏契约全球冠军赛前瞻发布会,王源别给丁针发烟,兄弟刚刚发到别人楼底下被我抓到了,0,0,2026-09-13T07:39:00+08:00,313833366257,
bilibili,BV15hYv6yErg,9月16日20:00，2026无畏契约全球冠军赛前瞻发布会,哇难受的一批,回复 @王源别给丁针发烟 :[笑哭],0,0,2026-09-13T07:53:00+08:00,313833366257,
bilibili,BV15hYv6yErg,9月16日20:00，2026无畏契约全球冠军赛前瞻发布会,aC_小夜,[喜极而泣],0,0,2026-09-13T09:59:00+08:00,313833366257,
bilibili,BV15hYv6yErg,9月16日20:00，2026无畏契约全球冠军赛前瞻发布会,I緒山眞尋,雷霆捞钱你不懂,0,0,2026-09-13T12:58:00+08:00,313833366257,
bilibili,BV15hYv6yErg,9月16日20:00，2026无畏契约全球冠军赛前瞻发布会,喧风冥燃,骗你的科技公司都没这么预告的预告[汤圆],0,0,2026-09-13T14:34:00+08:00,313833366257,
bilibili,BV15hYv6yErg,9月16日20:00，2026无畏契约全球冠军赛前瞻发布会,神王珈百璃,闹麻了，冠军赛打完接着播新版本内容不就行了，还整个发布会,0,0,2026-09-14T06:49:00+08:00,313833366257,
bilibili,BV15hYv6yErg,9月16日20:00，2026无畏契约全球冠军赛前瞻发布会,不如自挂东南枝-,呃呃，商业营销保密做好一点有什么问题吗，他搞点吊胃口营销手段玩家也没掉块皮吧,4,0,2026-09-13T14:57:00+08:00,317315532096,
bilibili,BV15hYv6yErg,9月16日20:00，2026无畏契约全球冠军赛前瞻发布会,微甜酱油,回复 @不如自挂东南枝- :讲真人gta6都没这么严,1,0,2026-09-14T11:37:00+08:00,317315532096,
bilibili,BV15hYv6yErg,9月16日20:00，2026无畏契约全球冠军赛前瞻发布会,乌龟王TurtlesKing,回复 @不如自挂东南枝- :拿出来卖的东西保密那么好是做的太烂怕别人不买吗,0,0,2026-09-15T00:57:00+08:00,317315532096,
bilibili,BV15hYv6yErg,9月16日20:00，2026无畏契约全球冠军赛前瞻发布会,蓝色space号,破崩了，预告的预告哈哈哈哈哈,3,0,2026-09-13T15:14:00+08:00,313838452513,
bilibili,BV15hYv6yErg,9月16日20:00，2026无畏契约全球冠军赛前瞻发布会,晨风风w,类似期末模拟考模拟考,0,0,2026-09-14T00:32:00+08:00,313838452513,
bilibili,BV15hYv6yErg,9月16日20:00，2026无畏契约全球冠军赛前瞻发布会,找不到策安的兰舟,初见于一模二模三模考和这几场考试前的模拟考（,0,0,2026-09-14T11:45:00+08:00,313838452513,
bilibili,BV15hYv6yErg,9月16日20:00，2026无畏契约全球冠军赛前瞻发布会,哈基米魔法使,KPI,0,0,2026-09-14T17:00:00+08:00,313838452513,
bilibili,BV15hYv6yErg,9月16日20:00，2026无畏契约全球冠军赛前瞻发布会,尤里乌斯诺凡克罗娜,能不能少来点这种狼哭鬼嚎？正常高音不是很好吗？弄这种你自己能听下去几遍？拳头新出的好几个都放不进歌单了。,36,0,2026-09-13T09:06:00+08:00,313842559777,
bilibili,BV15hYv6yErg,9月16日20:00，2026无畏契约全球冠军赛前瞻发布会,FM-84,回复 @尤里乌斯诺凡克罗娜 :鬼哭狼嚎已经成这游戏社区最常见的聊天方式了[喜极而泣],2,0,2026-09-13T09:09:00+08:00,313842559777,
bilibili,BV15hYv6yErg,9月16日20:00，2026无畏契约全球冠军赛前瞻发布会,PsychicFire雪夜渡月,没宣传的才会差，比如说莫名其妙就端出来的银河子午线。 像冠军套、塑水这种都是提前大规模宣传预热的,83,0,2026-09-13T09:15:00+08:00,313842559777,
bilibili,BV15hYv6yErg,9月16日20:00，2026无畏契约全球冠军赛前瞻发布会,长期宿世,回复 @PsychicFire雪夜渡月 :你都说提前了,0,0,2026-09-13T09:24:00+08:00,313842559777,
bilibili,BV15hYv6yErg,9月16日20:00，2026无畏契约全球冠军赛前瞻发布会,Fuuga,藏的越久越屎有感觉吗,0,0,2026-09-13T09:34:00+08:00,313842559777,
bilibili,BV15hYv6yErg,9月16日20:00，2026无畏契约全球冠军赛前瞻发布会,白云泥,回复 @尤里乌斯诺凡克罗娜 :我说的是皮肤 不是音乐,1,0,2026-09-13T09:49:00+08:00,313842559777,
bilibili,BV15hYv6yErg,9月16日20:00，2026无畏契约全球冠军赛前瞻发布会,白云泥,回复 @FM-84 :什么意思 没太懂,0,0,2026-09-13T09:52:00+08:00,313842559777,
bilibili,BV15hYv6yErg,9月16日20:00，2026无畏契约全球冠军赛前瞻发布会,花傲天zZz,按常理来说是这样[微笑],1,0,2026-09-13T09:56:00+08:00,313842559777,
bilibili,BV15hYv6yErg,9月16日20:00，2026无畏契约全球冠军赛前瞻发布会,木下旋河,回复 @FM-84 :他在说这次的主题曲,0,0,2026-09-13T10:12:00+08:00,313842559777,
bilibili,BV15hYv6yErg,9月16日20:00，2026无畏契约全球冠军赛前瞻发布会,Cup1d7,回复 @长期宿世 :这还不提前啊,0,0,2026-09-13T11:55:00+08:00,313842559777,
bilibili,BV15hYv6yErg,9月16日20:00，2026无畏契约全球冠军赛前瞻发布会,bili_49331507704,啥啊兄弟,0,0,2026-09-13T13:16:00+08:00,313863047553,
bilibili,BV15hYv6yErg,9月16日20:00，2026无畏契约全球冠军赛前瞻发布会,旑文,20R点？ 哈哈哈,6,0,2026-09-13T13:18:00+08:00,313863047553,
bilibili,BV15hYv6yErg,9月16日20:00，2026无畏契约全球冠军赛前瞻发布会,剪影__,回复 @bili_49331507704 :20“R”点,0,0,2026-09-13T13:26:00+08:00,313863047553,
bilibili,BV15hYv6yErg,9月16日20:00，2026无畏契约全球冠军赛前瞻发布会,Goddegrees,要官方命了[喜极而泣],17,0,2026-09-13T09:21:00+08:00,313844273137,
bilibili,BV15hYv6yErg,9月16日20:00，2026无畏契约全球冠军赛前瞻发布会,bili_43824025941,不如精品卡面喷漆,0,0,2026-09-13T09:27:00+08:00,313844273137,
bilibili,BV15hYv6yErg,9月16日20:00，2026无畏契约全球冠军赛前瞻发布会,以为猪,10r点能要策划命了[喜极而泣],0,0,2026-09-14T10:20:00+08:00,313844273137,
bilibili,BV15hYv6yErg,9月16日20:00，2026无畏契约全球冠军赛前瞻发布会,为了未来不负你,实则还没分泌[笑哭],0,0,2026-09-13T10:12:00+08:00,317314705248,
bilibili,BV15hYv6yErg,9月16日20:00，2026无畏契约全球冠军赛前瞻发布会,聚雲遮月,你搁这儿修炼呢,8,0,2026-09-13T15:47:00+08:00,317369147328,
bilibili,BV15hYv6yErg,9月16日20:00，2026无畏契约全球冠军赛前瞻发布会,怂二饼,海神九考,8,0,2026-09-13T16:01:00+08:00,317369147328,
bilibili,BV15hYv6yErg,9月16日20:00，2026无畏契约全球冠军赛前瞻发布会,钝汤老人,9级直接变成三叉戟，击败特效是开启杀神领域。,1,0,2026-09-13T16:20:00+08:00,317369147328,
bilibili,BV15hYv6yErg,9月16日20:00，2026无畏契约全球冠军赛前瞻发布会,每天都想摸鱼i,国服不是独立运营吗，隔壁lol腾讯都能随便改，随便送，这边应该也行，只不过腾讯不想送而已,8,0,2026-09-14T02:02:00+08:00,313908914193,
bilibili,BV15hYv6yErg,9月16日20:00，2026无畏契约全球冠军赛前瞻发布会,费城大巨臀登登,回复 @每天都想摸鱼i :你闹麻了，肯定不能随便送啊，全球都没送就你cn送了别人会有意见的，得拳头先开始,12,0,2026-09-14T03:19:00+08:00,313908914193,
bilibili,BV15hYv6yErg,9月16日20:00，2026无畏契约全球冠军赛前瞻发布会,费城大巨臀登登,回复 @每天都想摸鱼i :乐，看不懂中文，lol外服也送，所以国服也能送，懂？,4,0,2026-09-14T03:45:00+08:00,313908914193,
bilibili,BV15hYv6yErg,9月16日20:00，2026无畏契约全球冠军赛前瞻发布会,海绵宝宝pai星星,回复 @每天都想摸鱼i :lol什么时候单独送过了,0,0,2026-09-14T05:27:00+08:00,313908914193,
bilibili,BV15hYv6yErg,9月16日20:00，2026无畏契约全球冠军赛前瞻发布会,浑水oO,回复 @每天都想摸鱼i :送个🥚，炒作龙虾卖高价就有你的份,4,0,2026-09-14T05:31:00+08:00,313908914193,
bilibili,BV15hYv6yErg,9月16日20:00，2026无畏契约全球冠军赛前瞻发布会,织风结z,回复 @每天都想摸鱼i :神人呀,0,0,2026-09-14T06:17:00+08:00,313908914193,
bilibili,BV15hYv6yErg,9月16日20:00，2026无畏契约全球冠军赛前瞻发布会,每天都想摸鱼i,回复 @费城大巨臀登登 : 那我回归福利的皮肤是假的吗?消费满多少送皮肤也是假的吗？照你的说法，皮肤就不能随便给啊，闹麻了,0,0,2026-09-14T06:23:00+08:00,313908914193,
bilibili,BV15hYv6yErg,9月16日20:00，2026无畏契约全球冠军赛前瞻发布会,每天都想摸鱼i,回复 @浑水oO : 沙子才会花大价钱买炫彩，别带上我[OK],0,0,2026-09-14T06:25:00+08:00,313908914193,
bilibili,BV15hYv6yErg,9月16日20:00，2026无畏契约全球冠军赛前瞻发布会,每天都想摸鱼i,回复 @海绵宝宝pai星星 : 自己动手查查“巅峰的荣耀·iG 源代码 乐芙兰&#34;当时是不是国服独有的活动,0,0,2026-09-14T06:43:00+08:00,313908914193,
bilibili,BV15hYv6yErg,9月16日20:00，2026无畏契约全球冠军赛前瞻发布会,神173战,他真这样弄，我真得买了,3,0,2026-09-13T13:19:00+08:00,317356460800,
bilibili,BV15hYv6yErg,9月16日20:00，2026无畏契约全球冠军赛前瞻发布会,百忧啊,cy感觉以后会有,0,0,2026-09-13T13:27:00+08:00,317356460800,
bilibili,BV15hYv6yErg,9月16日20:00，2026无畏契约全球冠军赛前瞻发布会,江晚婚,我怎么感觉是跟手瓦墨武那种，重击才是特殊形态，命定新出的那个刀皮我欣赏不来这种双形态，还是龙吟那种常态双形态舒服,0,0,2026-09-13T13:31:00+08:00,317356460800,
bilibili,BV15hYv6yErg,9月16日20:00，2026无畏契约全球冠军赛前瞻发布会,Casparr04,切换的话岂不意味着没有检视了,0,0,2026-09-13T17:40:00+08:00,317356460800,
bilibili,BV15hYv6yErg,9月16日20:00，2026无畏契约全球冠军赛前瞻发布会,蕊伊蟾,✔️[电影间谍过家家_阴险],0,0,2026-09-13T22:56:00+08:00,317343315808,
bilibili,BV15hYv6yErg,9月16日20:00，2026无畏契约全球冠军赛前瞻发布会,bulibuli哟呼,殷勤献早了,1,0,2026-09-14T11:19:00+08:00,317441871104,
bilibili,BV15hYv6yErg,9月16日20:00，2026无畏契约全球冠军赛前瞻发布会,伽乐斯galaxy,1,0,0,2026-09-14T15:52:00+08:00,313912873809,
bilibili,BV15hYv6yErg,9月16日20:00，2026无畏契约全球冠军赛前瞻发布会,Christinya_,2,0,0,2026-09-14T16:09:00+08:00,313912873809,
bilibili,BV15hYv6yErg,9月16日20:00，2026无畏契约全球冠军赛前瞻发布会,Mado丶tsuki,还真是，edg夺冠我估计这游戏还能再爆火一次，不过不好说，这次edg还是有点希望的,0,0,2026-09-13T12:05:00+08:00,317335098976,
bilibili,BV1z1Ye6LEJH,无畏契约吃什么配置？27颗CPU + 16张显卡，实测性能天梯图！高清原图免费下,笼包不是小哭包,笔记本CPU对照组： Ultra9 290HX Plus＝Ultra9 285K≈Ultra7 270K Plus（差别不大） Ultra9 275HX＝270K Ultra7 255HX＝Ultra5 245K Ultra7 251HX≈Ultra5 245K（差别不大） R9 9955HX＝R7 9700X R9 9950HX3D＝R7 9800X3D R9 8940HX＝R5 9500F 显卡对照组： RTX 5060Laptop 8G＝RTX 3060Ti 8G≈RTX 5050 8G RTX 5070Laptop 8G＝5060 8G RTX 5070Laptop 12G≈5060 8G（仅有显存优势，打瓦几乎无区别） RTX 5070TiLaptop 12G≈5060Ti 16G（仅有显存劣势，打瓦几乎无区别） RTX 5080Laptop 16G ≈5070 12G（仅有显存优势，打瓦几乎无区别） RTX5090Laptop 24G≈5070Ti 16G（性能前者稍弱5%，显存有优势，区别不大）,25,4,2026-09-13T11:20:00+08:00,,
bilibili,BV1z1Ye6LEJH,无畏契约吃什么配置？27颗CPU + 16张显卡，实测性能天梯图！高清原图免费下,小张大佐,我发现我的9700x实战中跑不到500帧，大概只有450帧上下，有时候还会掉到300帧，这是正常的吗[思考] 内存是32g的d5 6000c28,6,19,2026-09-13T17:38:00+08:00,,
bilibili,BV1z1Ye6LEJH,无畏契约吃什么配置？27颗CPU + 16张显卡，实测性能天梯图！高清原图免费下,初晨不梦,主播我觉得今年出这期视频d5平台需要测一下单根内存的表现，今年之后装的电脑基本上中低端处理器用的都是单根内存了，两根内存还是太奢侈了，一对16g都购买6个7500f了[笑哭][笑哭][笑哭],3,2,2026-09-13T12:42:00+08:00,,
bilibili,BV1z1Ye6LEJH,无畏契约吃什么配置？27颗CPU + 16张显卡，实测性能天梯图！高清原图免费下,zerddd,地平线6呢[吃瓜][吃瓜][吃瓜]，该到3A了，中秋节之前端出来主播，两币奉上了,2,1,2026-09-13T10:13:00+08:00,,
bilibili,BV1z1Ye6LEJH,无畏契约吃什么配置？27颗CPU + 16张显卡，实测性能天梯图！高清原图免费下,白子姐姐呀,原神牛逼[星星眼][星星眼][星星眼],2,0,2026-09-13T10:32:00+08:00,,
bilibili,BV1z1Ye6LEJH,无畏契约吃什么配置？27颗CPU + 16张显卡，实测性能天梯图！高清原图免费下,文静_千鸟OfficiaI,同样设置同样测试方法我的帧数高不少，我的显卡还更烂,1,0,2026-09-14T21:31:00+08:00,,
bilibili,BV1z1Ye6LEJH,无畏契约吃什么配置？27颗CPU + 16张显卡，实测性能天梯图！高清原图免费下,有点意思堃,谢谢，最近调机器魔怔了，其实没什么好调的，对比完视频后清醒了,1,0,2026-09-14T17:07:00+08:00,,
bilibili,BV1z1Ye6LEJH,无畏契约吃什么配置？27颗CPU + 16张显卡，实测性能天梯图！高清原图免费下,呆到深处自然萌哒,为啥没i7 146500,1,0,2026-09-13T16:07:00+08:00,,
bilibili,BV1z1Ye6LEJH,无畏契约吃什么配置？27颗CPU + 16张显卡，实测性能天梯图！高清原图免费下,时来运转ywo,来一个朋友帮忙玩个号，打理一下无畏，玩2个月的给1500，能接的朋友过来谈好,1,0,2026-09-13T12:59:00+08:00,,
bilibili,BV1z1Ye6LEJH,无畏契约吃什么配置？27颗CPU + 16张显卡，实测性能天梯图！高清原图免费下,靳蔫滕卯,180以上感觉就完全够了,1,0,2026-09-13T09:48:00+08:00,,
bilibili,BV1z1Ye6LEJH,无畏契约吃什么配置？27颗CPU + 16张显卡，实测性能天梯图！高清原图免费下,仓颉難,zen4非x3d怎么不测,1,1,2026-09-13T10:47:00+08:00,,
bilibili,BV1z1Ye6LEJH,无畏契约吃什么配置？27颗CPU + 16张显卡，实测性能天梯图！高清原图免费下,是千殤呀,能测测永劫吗,1,1,2026-09-13T18:02:00+08:00,,
bilibili,BV1z1Ye6LEJH,无畏契约吃什么配置？27颗CPU + 16张显卡，实测性能天梯图！高清原图免费下,烧烤鸭躁年,太硬核了！！！,1,0,2026-09-13T09:02:00+08:00,,
bilibili,BV1z1Ye6LEJH,无畏契约吃什么配置？27颗CPU + 16张显卡，实测性能天梯图！高清原图免费下,爱玩游戏的光头哥,彩虹六号[打call][打call][喜欢],1,0,2026-09-13T13:48:00+08:00,,
bilibili,BV1z1Ye6LEJH,无畏契约吃什么配置？27颗CPU + 16张显卡，实测性能天梯图！高清原图免费下,Kuekue_,am5平台绝大部分u稳定400+没问题 可惜这d5内存太拟人了[笑哭],1,1,2026-09-13T19:43:00+08:00,,
bilibili,BV1z1Ye6LEJH,无畏契约吃什么配置？27颗CPU + 16张显卡，实测性能天梯图！高清原图免费下,苏沐染_沐沐,e5 2680v4  gtx 730 2g DDR4单条32g 参考帧率在90～200浮动,1,0,2026-09-13T23:39:00+08:00,,
bilibili,BV1z1Ye6LEJH,无畏契约吃什么配置？27颗CPU + 16张显卡，实测性能天梯图！高清原图免费下,活在茫茫人海,cs2，2304×1440，中画质，什么显卡可以跑到三百帧？,1,2,2026-09-13T10:17:00+08:00,,
bilibili,BV1z1Ye6LEJH,无畏契约吃什么配置？27颗CPU + 16张显卡，实测性能天梯图！高清原图免费下,zhanshqn,我9700x加1070ti，6000c28 16g单根能跑五六百,1,0,2026-09-13T14:42:00+08:00,,
bilibili,BV1z1Ye6LEJH,无畏契约吃什么配置？27颗CPU + 16张显卡，实测性能天梯图！高清原图免费下,啥昵称啊我不知道,搞不懂，我这边扫靶场应该没up这么低，可能全up全是auto测的,0,0,2026-09-14T04:14:00+08:00,,
bilibili,BV1z1Ye6LEJH,无畏契约吃什么配置？27颗CPU + 16张显卡，实测性能天梯图！高清原图免费下,3发发的渡渡,13400加单16g的ddr4内存，1080p实测是不稳200帧的，打起来也就1百多帧。 所以有钱的话，还是一定上好的cpu，显卡随便一个rx580就行,0,0,2026-09-14T11:01:00+08:00,,
bilibili,BV1z1Ye6LEJH,无畏契约吃什么配置？27颗CPU + 16张显卡，实测性能天梯图！高清原图免费下,如此具体177,笑死测评  不用d5用d4  同146 d5比d4高很多,0,1,2026-09-14T00:11:00+08:00,,
bilibili,BV1z1Ye6LEJH,无畏契约吃什么配置？27颗CPU + 16张显卡，实测性能天梯图！高清原图免费下,虚空王座-伊姆圣,原神1060多少针,0,0,2026-09-14T11:37:00+08:00,,
bilibili,BV1z1Ye6LEJH,无畏契约吃什么配置？27颗CPU + 16张显卡，实测性能天梯图！高清原图免费下,Sane丶拾忆,1080P下5600比5600XT好，但是1440P下5600XT比5600X好，是错误还是实际就这样,0,0,2026-09-14T08:34:00+08:00,,
bilibili,BV1z1Ye6LEJH,无畏契约吃什么配置？27颗CPU + 16张显卡，实测性能天梯图！高清原图免费下,靚过吴彦祖,2060 i5 很流畅,0,0,2026-09-14T07:13:00+08:00,,
bilibili,BV1z1Ye6LEJH,无畏契约吃什么配置？27颗CPU + 16张显卡，实测性能天梯图！高清原图免费下,-愿与你纵横七海-,笔记本，r9 7845+4070，2k全中画质稳不住240（原地架枪能240，走路就会有波动，技能多的大团战会掉到平均200low帧150这样），开性能监测看了一下显卡CPU都没跑满，温度也不算很高，这个性能释放算是正常吗？,0,0,2026-09-14T17:57:00+08:00,,
bilibili,BV1z1Ye6LEJH,无畏契约吃什么配置？27颗CPU + 16张显卡，实测性能天梯图！高清原图免费下,卖了汤圆,这类网页画质般的射击游戏有必要搞4k那么高的分辨率吗,0,0,2026-09-14T04:11:00+08:00,,
bilibili,BV1z1Ye6LEJH,无畏契约吃什么配置？27颗CPU + 16张显卡，实测性能天梯图！高清原图免费下,原味大列巴,我是5700x＋5060，1K和2K的情况下帧率居然没什么差别吗？早知道选2K了[笑哭],0,1,2026-09-14T17:17:00+08:00,,
bilibili,BV1z1Ye6LEJH,无畏契约吃什么配置？27颗CPU + 16张显卡，实测性能天梯图！高清原图免费下,百事当可乐,我20年的华为笔记本u5 5500 都能跑60帧，我说白了这游戏真不吃配置,0,0,2026-09-14T04:34:00+08:00,,
bilibili,BV1z1Ye6LEJH,无畏契约吃什么配置？27颗CPU + 16张显卡，实测性能天梯图！高清原图免费下,VCT热评掌握者-海豹王,够硬核的视频,0,0,2026-09-14T08:31:00+08:00,,
bilibili,BV1z1Ye6LEJH,无畏契约吃什么配置？27颗CPU + 16张显卡，实测性能天梯图！高清原图免费下,MIENDO,290hx其实就是特挑官超灰烬版275/285hx，散热要求高，散热不行很可能开倒车还抢显卡功耗[doge],1,0,2026-09-13T15:53:00+08:00,313856659201,
bilibili,BV1z1Ye6LEJH,无畏契约吃什么配置？27颗CPU + 16张显卡，实测性能天梯图！高清原图免费下,笼包不是小哭包,回复 @MIENDO :是这样的，所以说我选择加一个压风底座,0,0,2026-09-14T05:57:00+08:00,313856659201,
bilibili,BV1z1Ye6LEJH,无畏契约吃什么配置？27颗CPU + 16张显卡，实测性能天梯图！高清原图免费下,雨好きの空,@黔人技穷 @程邦的祖,0,0,2026-09-14T09:49:00+08:00,313856659201,
bilibili,BV1z1Ye6LEJH,无畏契约吃什么配置？27颗CPU + 16张显卡，实测性能天梯图！高清原图免费下,RW余梦,不严谨，虽然笔记本核心规格和桌面端一致，但是内存性能太拉了，CPU主频受限于散热，也低一截，这debuff一叠少说10%差距,0,0,2026-09-14T10:17:00+08:00,313856659201,
bilibili,BV1z1Ye6LEJH,无畏契约吃什么配置？27颗CPU + 16张显卡，实测性能天梯图！高清原图免费下,十月雨漩,不正常,0,0,2026-09-13T17:44:00+08:00,313892486609,
bilibili,BV1z1Ye6LEJH,无畏契约吃什么配置？27颗CPU + 16张显卡，实测性能天梯图！高清原图免费下,普信男孩再见,正常，没有超大缓存，1% low真就是很低,0,0,2026-09-13T18:18:00+08:00,313892486609,
bilibili,BV1z1Ye6LEJH,无畏契约吃什么配置？27颗CPU + 16张显卡，实测性能天梯图！高清原图免费下,广东38路公交车司机,回复 @普信男孩再见 :不正常 我自个的97x实战都五六百,0,0,2026-09-13T22:13:00+08:00,313892486609,
bilibili,BV1z1Ye6LEJH,无畏契约吃什么配置？27颗CPU + 16张显卡，实测性能天梯图！高清原图免费下,奈斯灬马飞,我也是，9700x搭配9070xt，经常500-400反复横跳，感觉是系统问题,0,0,2026-09-14T01:00:00+08:00,313892486609,
bilibili,BV1z1Ye6LEJH,无畏契约吃什么配置？27颗CPU + 16张显卡，实测性能天梯图！高清原图免费下,硬核搞机宅,不太正常，优化一下系统设置之类的吧,0,0,2026-09-14T03:58:00+08:00,313892486609,
bilibili,BV1z1Ye6LEJH,无畏契约吃什么配置？27颗CPU + 16张显卡，实测性能天梯图！高清原图免费下,命定められた,还看点显卡，显卡跑满瓶颈也上不去，我983就在600左右波动而且看实战环境,0,0,2026-09-14T04:47:00+08:00,313892486609,
bilibili,BV1z1Ye6LEJH,无畏契约吃什么配置？27颗CPU + 16张显卡，实测性能天梯图！高清原图免费下,小张大佐,回复 @命定められた :我显卡是5070，不太可能打瓦也有瓶颈吧[思考],0,0,2026-09-14T04:48:00+08:00,313892486609,
bilibili,BV1z1Ye6LEJH,无畏契约吃什么配置？27颗CPU + 16张显卡，实测性能天梯图！高清原图免费下,命定められた,回复 @小张大佐 :我9070xt局内也就600左右，打架就500多帧[doge],0,0,2026-09-14T04:54:00+08:00,313892486609,
bilibili,BV1z1Ye6LEJH,无畏契约吃什么配置？27颗CPU + 16张显卡，实测性能天梯图！高清原图免费下,命定められた,回复 @小张大佐 :掉到300多就是low帧不行，没有大三缓,0,0,2026-09-14T04:55:00+08:00,313892486609,
bilibili,BV1z1Ye6LEJH,无畏契约吃什么配置？27颗CPU + 16张显卡，实测性能天梯图！高清原图免费下,命定められた,回复 @小张大佐 :锁500试试呢或者450,0,0,2026-09-14T04:55:00+08:00,313892486609,
bilibili,BV1z1Ye6LEJH,无畏契约吃什么配置？27颗CPU + 16张显卡，实测性能天梯图！高清原图免费下,硬核搞机宅,唉，考虑过问题，但是分单双内存的话，工作量太大了,0,0,2026-09-14T03:57:00+08:00,313864988657,
bilibili,BV1z1Ye6LEJH,无畏契约吃什么配置？27颗CPU + 16张显卡，实测性能天梯图！高清原图免费下,初晨不梦,回复 @硬核搞机宅 :确实工作量大，主播也需要酌情考虑，但是现在用amd d5千元cpu的用户绝大部分确实不会用双根内存,0,0,2026-09-14T09:53:00+08:00,313864988657,
bilibili,BV1z1Ye6LEJH,无畏契约吃什么配置？27颗CPU + 16张显卡，实测性能天梯图！高清原图免费下,硬核搞机宅,会出，但前面可能会优先出一些热门网游，毕竟这些游戏自带一点流量,0,0,2026-09-14T04:00:00+08:00,313849862033,
bilibili,BV1z1Ye6LEJH,无畏契约吃什么配置？27颗CPU + 16张显卡，实测性能天梯图！高清原图免费下,命定められた,没有必要，可以参考5代和9代之间，现在5600x还是热门，七代热门不多,0,0,2026-09-14T04:53:00+08:00,313853362593,
bilibili,BV1z1Ye6LEJH,无畏契约吃什么配置？27颗CPU + 16张显卡，实测性能天梯图！高清原图免费下,硬核搞机宅,安排,0,0,2026-09-14T04:03:00+08:00,313893554641,
bilibili,BV1z1Ye6LEJH,无畏契约吃什么配置？27颗CPU + 16张显卡，实测性能天梯图！高清原图免费下,硬核搞机宅,雀食,0,0,2026-09-14T04:03:00+08:00,317385336752,
bilibili,BV1z1Ye6LEJH,无畏契约吃什么配置？27颗CPU + 16张显卡，实测性能天梯图！高清原图免费下,水军001号水军,4k 和 2k 折中一下不就是了,0,0,2026-09-13T10:21:00+08:00,313850150577,
bilibili,BV1z1Ye6LEJH,无畏契约吃什么配置？27颗CPU + 16张显卡，实测性能天梯图！高清原图免费下,发1才知删没删,4070,0,0,2026-09-13T17:12:00+08:00,313850150577,
bilibili,BV1z1Ye6LEJH,无畏契约吃什么配置？27颗CPU + 16张显卡，实测性能天梯图！高清原图免费下,长久OnO,146 d5还不如d4 谁告诉你d5比d4打游戏强的,0,0,2026-09-14T01:18:00+08:00,317392455536,
bilibili,BV1z1Ye6LEJH,无畏契约吃什么配置？27颗CPU + 16张显卡，实测性能天梯图！高清原图免费下,我们的故事不完美,这卡本来就是2k入门,0,0,2026-09-14T17:38:00+08:00,317478476704,
bilibili,BV1maYB66Epr,康康被演员恶意狙击到无奈下播！直言玩不了了！还放歃血找画面！,呕拉呕拉呕拉呕拉,[笑哭]连亚服都这样，国服只会更恐怖，拿能匹到康康的号这样搞，国服能搞成什么样我都不敢想,871,14,2026-09-13T17:47:00+08:00,,
bilibili,BV1maYB66Epr,康康被演员恶意狙击到无奈下播！直言玩不了了！还放歃血找画面！,卡塞尔学院在逃太子,在上海冠军赛临近期间主场被自己人狙击吗？那很好了,520,11,2026-09-13T19:02:00+08:00,,
bilibili,BV1maYB66Epr,康康被演员恶意狙击到无奈下播！直言玩不了了！还放歃血找画面！,Feb28__,这无畏契约你就玩吧[良辰共此曲动态表情包_微笑][良辰共此曲动态表情包_微笑][良辰共此曲动态表情包_微笑],306,2,2026-09-13T17:44:00+08:00,,
bilibili,BV1maYB66Epr,康康被演员恶意狙击到无奈下播！直言玩不了了！还放歃血找画面！,沽洗不夜侯,歃血倒不是啥问题，毕竟这歌康康公开出的没什么见不得人，nicc直播唱康康还去送了dy一号，关键这俩神人排位演员成这样还要贴脸开麦唱不就是故意想搞事么，八成是等着康康有什么反应就可以蹭波大的了。你康哥真跟那个唐僧肉似的，什么牛鬼蛇神都等着千方百计用他找画面吃流量[笑哭],250,3,2026-09-13T18:18:00+08:00,,
bilibili,BV1maYB66Epr,康康被演员恶意狙击到无奈下播！直言玩不了了！还放歃血找画面！,别欺负我这种弱智了,这就是无畏契约的游戏环境啊,208,5,2026-09-13T17:56:00+08:00,,
bilibili,BV1maYB66Epr,康康被演员恶意狙击到无奈下播！直言玩不了了！还放歃血找画面！,郁宁m,四冯演员还我双排，本来还以为康哥今天不会直播了，结果没想到居然来了，正打算好好看呢整着死出。,198,0,2026-09-13T17:59:00+08:00,,
bilibili,BV1maYB66Epr,康康被演员恶意狙击到无奈下播！直言玩不了了！还放歃血找画面！,hang35,期待冠军赛全部队伍在国服训练被折磨的视频[吃瓜],135,28,2026-09-13T18:04:00+08:00,,
bilibili,BV1maYB66Epr,康康被演员恶意狙击到无奈下播！直言玩不了了！还放歃血找画面！,kismeToT,神的要死 还我双排行吗 这游戏环境就这样了[笑哭],93,0,2026-09-13T17:48:00+08:00,,
bilibili,BV1maYB66Epr,康康被演员恶意狙击到无奈下播！直言玩不了了！还放歃血找画面！,蝶褎,我真的无语，可恶的演员还我双排[大哭][大哭][大哭],81,1,2026-09-13T17:46:00+08:00,,
bilibili,BV1maYB66Epr,康康被演员恶意狙击到无奈下播！直言玩不了了！还放歃血找画面！,Elysia丶丶丶丶丶丶,演员狙击，外挂炸鱼，半场顿悟，蒸蒸日上,78,1,2026-09-14T00:42:00+08:00,,
bilibili,BV1maYB66Epr,康康被演员恶意狙击到无奈下播！直言玩不了了！还放歃血找画面！,不知道在忙什么的鳗鱼,其他国家冠军赛的一来打天梯发现比自己准的怎么那么多,51,4,2026-09-14T01:29:00+08:00,,
bilibili,BV1maYB66Epr,康康被演员恶意狙击到无奈下播！直言玩不了了！还放歃血找画面！,七海绘理奈,只希望康哥好好的不值得这种人来影响心情 康宝这几天多开心的还唱歌呢……真该死啊也够的粉丝,45,0,2026-09-13T19:49:00+08:00,,
bilibili,BV1maYB66Epr,康康被演员恶意狙击到无奈下播！直言玩不了了！还放歃血找画面！,-奕霆-,是利益？为啥狙击别人？有人给钱了？要是没有利益，那这些人真无聊,40,8,2026-09-14T01:53:00+08:00,,
bilibili,BV1maYB66Epr,康康被演员恶意狙击到无奈下播！直言玩不了了！还放歃血找画面！,Wink临安,和cb打得吗，听声音有点像,39,2,2026-09-13T17:40:00+08:00,,
bilibili,BV1maYB66Epr,康康被演员恶意狙击到无奈下播！直言玩不了了！还放歃血找画面！,50275hc,唯一一款生态环境越差游戏玩家越多的游戏[吃瓜]藤子也真是找到崭新赚钱办法了说是[吃瓜] 低分局外挂常驻，高分局直接淘金红屏里面找绿玩，七八年前lol检测个脚本都比这轻松，到现在外挂管不住玩家都不要求啥了，剧组管不了吗[吃瓜]哈哈，lol不管剧组真的会掉人，多多少少沾点不情愿也会管管，瓦真是神了，游戏环境一天不如一天，玩家越来越多，一个劲儿的把这游戏往年轻化，时尚单品上面引流[吃瓜]钱赚完了还管你环境干什么,25,0,2026-09-13T19:51:00+08:00,,
bilibili,BV1maYB66Epr,康康被演员恶意狙击到无奈下播！直言玩不了了！还放歃血找画面！,T0级龙王转速黑子,无所谓，反正不用扫脸登录，随便借号买号试挂，封了直接下一个,21,0,2026-09-14T02:07:00+08:00,,
bilibili,BV1maYB66Epr,康康被演员恶意狙击到无奈下播！直言玩不了了！还放歃血找画面！,壬戌秋日断离愁,以前kk还遇到过更恶心的故意卡你位置丢包给敌人报信息的那种,20,0,2026-09-14T04:31:00+08:00,,
bilibili,BV1maYB66Epr,康康被演员恶意狙击到无奈下播！直言玩不了了！还放歃血找画面！,康宝-菲比萌萌萌,anno没睡呀，你最慢了[doge]，我都逛一圈回来了，气都少不少,16,0,2026-09-13T17:50:00+08:00,,
bilibili,BV1maYB66Epr,康康被演员恶意狙击到无奈下播！直言玩不了了！还放歃血找画面！,莎茎,cb好久和k双排 居然没打几把呜呜呜😭,14,0,2026-09-14T04:30:00+08:00,,
bilibili,BV1maYB66Epr,康康被演员恶意狙击到无奈下播！直言玩不了了！还放歃血找画面！,若雨若离,有国服稍微有热度的游戏不就这样吗,14,2,2026-09-14T02:00:00+08:00,,
bilibili,BV1maYB66Epr,康康被演员恶意狙击到无奈下播！直言玩不了了！还放歃血找画面！,珠子柒柒,刚好玩完瓦下线就刷到康哥直播间，然后看了一会儿，没想到就遇到这种事情,14,0,2026-09-13T17:54:00+08:00,,
bilibili,BV1maYB66Epr,康康被演员恶意狙击到无奈下播！直言玩不了了！还放歃血找画面！,万津莫の宁梦,零秒猜出演员关注了哪条也够,12,0,2026-09-14T10:30:00+08:00,,
bilibili,BV1maYB66Epr,康康被演员恶意狙击到无奈下播！直言玩不了了！还放歃血找画面！,阿洁不白给,王者，lol，瓦排位现在都长这样，幸好我们三角洲排位跟传统意义上排位不一样啊,11,4,2026-09-14T04:18:00+08:00,,
bilibili,BV1maYB66Epr,康康被演员恶意狙击到无奈下播！直言玩不了了！还放歃血找画面！,向日葵可以么,一到本土世界赛前就各种演员，隔壁撸也是，真有够恶心的,6,0,2026-09-14T01:19:00+08:00,,
bilibili,BV1maYB66Epr,康康被演员恶意狙击到无奈下播！直言玩不了了！还放歃血找画面！,好哥们杜兰特,演子老牧师了[笑哭],6,0,2026-09-14T05:04:00+08:00,,
bilibili,BV1maYB66Epr,康康被演员恶意狙击到无奈下播！直言玩不了了！还放歃血找画面！,小北同学710,太恶心了真的,3,0,2026-09-14T04:37:00+08:00,,
bilibili,BV1maYB66Epr,康康被演员恶意狙击到无奈下播！直言玩不了了！还放歃血找画面！,手残党QAQQWQ,圈子大神人多，圈子小神人神 开挂、演员圈子哪个游戏火就去哪个游戏，我觉得总体应该属于小圈子，真是活全家了,3,0,2026-09-13T23:43:00+08:00,,
bilibili,BV1maYB66Epr,康康被演员恶意狙击到无奈下播！直言玩不了了！还放歃血找画面！,OHANAhu,"lol, I’m not gonna lie — ranked on the CN server hits different. It’s wild; the Valorant vibe here is so raw.",2,1,2026-09-14T04:53:00+08:00,,
bilibili,BV1maYB66Epr,康康被演员恶意狙击到无奈下播！直言玩不了了！还放歃血找画面！,天才美少女三月七丶,康康讲话怎么这么像男版勾勾,1,0,2026-09-14T01:12:00+08:00,,
bilibili,BV1maYB66Epr,康康被演员恶意狙击到无奈下播！直言玩不了了！还放歃血找画面！,小小小小汐-,这啥被游戏的环境是真踏马恶心,0,0,2026-09-14T05:28:00+08:00,,
bilibili,BV1maYB66Epr,康康被演员恶意狙击到无奈下播！直言玩不了了！还放歃血找画面！,Kamisato-Linbei,国服高分段也够考子九成是挂[笑哭],126,0,2026-09-13T17:56:00+08:00,317381171728,
bilibili,BV1maYB66Epr,康康被演员恶意狙击到无奈下播！直言玩不了了！还放歃血找画面！,你生氣了-,就是因为亚服才能这么玩，亚服没人管。国服还有点特权能用,53,0,2026-09-13T18:04:00+08:00,317381171728,
bilibili,BV1maYB66Epr,康康被演员恶意狙击到无奈下播！直言玩不了了！还放歃血找画面！,呕拉呕拉呕拉呕拉,回复 @你生氣了- :那你架不住数量多啊[笑哭]真的搞不完的，主要它们就是想恶心康康啊，国服还这么多也够,70,0,2026-09-13T18:08:00+08:00,317381171728,
bilibili,BV1maYB66Epr,康康被演员恶意狙击到无奈下播！直言玩不了了！还放歃血找画面！,睡到自然醒UwU_,今天看了几个主播都被演员狙击了，这环境真的无敌了。,225,0,2026-09-13T18:11:00+08:00,317381171728,
bilibili,BV1maYB66Epr,康康被演员恶意狙击到无奈下播！直言玩不了了！还放歃血找画面！,Fishby丶,回复 @你生氣了- :没用的，之前whz港服号骂人被封七天和王森旭还有福乐星三排国服也是被对面13:0，对面大哥把把杀两三个，无论从哪出对面大哥都架着，搞得yz还跟路人队友道歉，这些明星选手来国服只会更变态。,65,0,2026-09-13T18:45:00+08:00,317381171728,
bilibili,BV1maYB66Epr,康康被演员恶意狙击到无奈下播！直言玩不了了！还放歃血找画面！,PonNNNNNN,我的号打了一个月封了差不多三十个十年[颂乐人偶_眯眼笑] 你见过差不多八小时结算不了一把的对局吗,5,0,2026-09-13T19:11:00+08:00,317381171728,
bilibili,BV1maYB66Epr,康康被演员恶意狙击到无奈下播！直言玩不了了！还放歃血找画面！,小熊猫大梦想,回复 @PonNNNNNN :什么段的,0,0,2026-09-13T19:22:00+08:00,317381171728,
bilibili,BV1maYB66Epr,康康被演员恶意狙击到无奈下播！直言玩不了了！还放歃血找画面！,PonNNNNNN,回复 @小熊猫大梦想 :神三 那会差160份赋能,0,0,2026-09-13T21:23:00+08:00,317381171728,
bilibili,BV1maYB66Epr,康康被演员恶意狙击到无奈下播！直言玩不了了！还放歃血找画面！,雾泠喵,"回复 @Fishby丶 :在榜匿名赋能随便选五个组战队,想要几个冠军自己填[汤圆]",24,0,2026-09-13T22:50:00+08:00,317381171728,
bilibili,BV1maYB66Epr,康康被演员恶意狙击到无奈下播！直言玩不了了！还放歃血找画面！,压倒的美少女,回复 @Fishby丶 :他打了七天 从超凡三打到神话一90多分，他的号隐藏分赢一把➕30 也就是说赢 5把 就神话2了 但是他打了七天没上去神2。 我真的很共情 因为我也是 只需要赢5、6局就神话2了。打了三十多局 结算了10来局然后神话一40分,7,0,2026-09-13T23:18:00+08:00,317381171728,
bilibili,BV1maYB66Epr,康康被演员恶意狙击到无奈下播！直言玩不了了！还放歃血找画面！,玛卡巴卡在沉睡,亚服,2,0,2026-09-14T01:31:00+08:00,317384260368,
bilibili,BV1maYB66Epr,康康被演员恶意狙击到无奈下播！直言玩不了了！还放歃血找画面！,卡塞尔学院在逃太子,回复 @玛卡巴卡在沉睡 :我知道，我的意思不是国服，是冠军赛主场,25,0,2026-09-14T01:33:00+08:00,317384260368,
bilibili,BV1maYB66Epr,康康被演员恶意狙击到无奈下播！直言玩不了了！还放歃血找画面！,天才美少女炫神,每个主播都会被狙击啊 跟临近主场有啥关系,18,0,2026-09-14T01:34:00+08:00,317384260368,
bilibili,BV1maYB66Epr,康康被演员恶意狙击到无奈下播！直言玩不了了！还放歃血找画面！,卡塞尔学院在逃太子,回复 @天才美少女炫神 :其他主播也没有莫名其妙被狙击吧？一般都是有节奏了才会，就是临近冠军赛主场演员和开挂的想恶心选手心态罢了,52,0,2026-09-14T01:37:00+08:00,317384260368,
bilibili,BV1maYB66Epr,康康被演员恶意狙击到无奈下播！直言玩不了了！还放歃血找画面！,你生氣了-,回复 @卡塞尔学院在逃太子 :所有职业选手都会被狙击，一样的,3,0,2026-09-14T02:04:00+08:00,317384260368,
bilibili,BV1maYB66Epr,康康被演员恶意狙击到无奈下播！直言玩不了了！还放歃血找画面！,OneForaAll,回复 @卡塞尔学院在逃太子 :康康太有名气了肯定一大堆狙击的啊,6,0,2026-09-14T02:54:00+08:00,317384260368,
bilibili,BV1maYB66Epr,康康被演员恶意狙击到无奈下播！直言玩不了了！还放歃血找画面！,卟祈猫,cn赛区特色,0,0,2026-09-14T03:08:00+08:00,317384260368,
bilibili,BV1maYB66Epr,康康被演员恶意狙击到无奈下播！直言玩不了了！还放歃血找画面！,QQLLZZ66,太正常了，之前冠军赛哥们几个夺冠回来，每个人都被狙击了,0,0,2026-09-14T07:22:00+08:00,317384260368,
bilibili,BV1maYB66Epr,康康被演员恶意狙击到无奈下播！直言玩不了了！还放歃血找画面！,天才美少女炫神,回复 @卡塞尔学院在逃太子 :有热度的他们都狙击 有的还打广告,0,0,2026-09-14T10:11:00+08:00,317384260368,
bilibili,BV1maYB66Epr,康康被演员恶意狙击到无奈下播！直言玩不了了！还放歃血找画面！,淡舞轻殇,热度大是这样的，不开播就好一点,0,0,2026-09-14T12:04:00+08:00,317384260368,
bilibili,BV1maYB66Epr,康康被演员恶意狙击到无奈下播！直言玩不了了！还放歃血找画面！,西北老憨xblh,圈子大了神人多,10,0,2026-09-13T17:45:00+08:00,317381120352,
bilibili,BV1maYB66Epr,康康被演员恶意狙击到无奈下播！直言玩不了了！还放歃血找画面！,猹の巧克力,回复 @西北老憨xblh :本质大众变态猎奇嘉豪游戏有感觉吗,10,0,2026-09-14T01:18:00+08:00,317381120352,
bilibili,BV1maYB66Epr,康康被演员恶意狙击到无奈下播！直言玩不了了！还放歃血找画面！,万能料理,不骂他美美给对面老板送分，骂他立马发抖音开始哭诉职业选手欺负路人[doge],69,0,2026-09-13T18:58:00+08:00,313894189489,
bilibili,BV1maYB66Epr,康康被演员恶意狙击到无奈下播！直言玩不了了！还放歃血找画面！,wulei61616,康康也懂今晚肯定不得安生了，直接下播去练枪软件练枪了，听着音乐点小球不比跟演员玩捉迷藏好,93,0,2026-09-13T19:01:00+08:00,313894189489,
bilibili,BV1maYB66Epr,康康被演员恶意狙击到无奈下播！直言玩不了了！还放歃血找画面！,七海绘理奈,甜双对象王晴川先生也曾在赛后采访说用歃血表达心情 这俩演员就是纯出生 我只能说康哥真的树大招风,33,0,2026-09-13T19:46:00+08:00,313894189489,
bilibili,BV1maYB66Epr,康康被演员恶意狙击到无奈下播！直言玩不了了！还放歃血找画面！,彦的二阶导,跟上乔大姐的节奏,0,0,2026-09-13T18:16:00+08:00,313893294001,
bilibili,BV1maYB66Epr,康康被演员恶意狙击到无奈下播！直言玩不了了！还放歃血找画面！,煎蛋moyi,乔大姐啥时候再和猪猪双排啊想看[千郁郁表情包_好吃][千郁郁表情包_好吃],0,0,2026-09-13T19:33:00+08:00,313893294001,
bilibili,BV1maYB66Epr,康康被演员恶意狙击到无奈下播！直言玩不了了！还放歃血找画面！,OKSTONE39,是所有游戏都这样,2,0,2026-09-13T23:57:00+08:00,313893294001,
bilibili,BV1maYB66Epr,康康被演员恶意狙击到无奈下播！直言玩不了了！还放歃血找画面！,靓仔一枚yj,回复 @OKSTONE39 :单人rpg，单机倒还好，自己玩自己的，就是社区还是烂，pvp排到队友好倒是可以，排到个神人你就享福去吧,0,0,2026-09-14T02:19:00+08:00,313893294001,
bilibili,BV1maYB66Epr,康康被演员恶意狙击到无奈下播！直言玩不了了！还放歃血找画面！,清月无痕入梦,乔大姐说的对啊,0,0,2026-09-14T03:14:00+08:00,313893294001,
bilibili,BV1maYB66Epr,康康被演员恶意狙击到无奈下播！直言玩不了了！还放歃血找画面！,17hss_,谁家谁玩国服啊都玩亚服有亚服不玩玩国服？,11,0,2026-09-13T18:18:00+08:00,313893511313,
bilibili,BV1maYB66Epr,康康被演员恶意狙击到无奈下播！直言玩不了了！还放歃血找画面！,凡瑰,回复 @17hss_ :冠军赛所有队伍来CN，肯定是发国服超级号，不可能发亚服的,65,0,2026-09-13T18:49:00+08:00,313893511313,
bilibili,BV1maYB66Epr,康康被演员恶意狙击到无奈下播！直言玩不了了！还放歃血找画面！,N0WUCME,回复 @17hss_ :冠军赛只会发国服超级号，之前上海大师赛我就排到trent了，除非自己有亚服号的可以去亚服玩,82,0,2026-09-13T18:50:00+08:00,313893511313,
bilibili,BV1maYB66Epr,康康被演员恶意狙击到无奈下播！直言玩不了了！还放歃血找画面！,简单一点也挺好,回复 @凡瑰 :但我说实话，有腾讯的大手，有些人不敢乱来，毕竟一顿饱跟顿顿饱还是分的清的,5,0,2026-09-13T19:20:00+08:00,313893511313,
bilibili,BV1maYB66Epr,康康被演员恶意狙击到无奈下播！直言玩不了了！还放歃血找画面！,凡瑰,回复 @简单一点也挺好 :看之前上海大师赛时就知道，这时候国服高分局管得会特别严，但也还是有，无法杜绝，而且还有人跳脸职业选手的[tv_鬼脸],31,0,2026-09-13T19:22:00+08:00,313893511313,
bilibili,BV1maYB66Epr,康康被演员恶意狙击到无奈下播！直言玩不了了！还放歃血找画面！,阿米娅米娅-,回复 @N0WUCME :nrg打的就是亚服，小k撞车了，看他们自己想玩啥服务器了,9,0,2026-09-13T19:23:00+08:00,313893511313,
bilibili,BV1maYB66Epr,康康被演员恶意狙击到无奈下播！直言玩不了了！还放歃血找画面！,看官莫邪甘为路石,感觉冠军赛期间赛事方直接高强度开警车还高分段朗朗乾坤有懂的吗？,7,0,2026-09-13T21:35:00+08:00,313893511313,
bilibili,BV1maYB66Epr,康康被演员恶意狙击到无奈下播！直言玩不了了！还放歃血找画面！,洛御埋,回复 @N0WUCME :想问问什么段位呀[给心心],0,0,2026-09-13T23:08:00+08:00,313893511313,
bilibili,BV1maYB66Epr,康康被演员恶意狙击到无奈下播！直言玩不了了！还放歃血找画面！,姜老公钓鱼,回复 @阿米娅米娅- :nrg又没来大陆,2,0,2026-09-13T23:24:00+08:00,313893511313,
bilibili,BV1maYB66Epr,康康被演员恶意狙击到无奈下播！直言玩不了了！还放歃血找画面！,嘎吱淡淡养胃香,回复 @简单一点也挺好 :啥玩意儿,0,0,2026-09-13T23:35:00+08:00,313893511313,
bilibili,BV1maYB66Epr,康康被演员恶意狙击到无奈下播！直言玩不了了！还放歃血找画面！,栗子还是李子呐,就看了一把完整对局就没了  我真服了这些神人  还我双排[大哭],0,0,2026-09-13T18:29:00+08:00,317381227968,
bilibili,BV1maYB66Epr,康康被演员恶意狙击到无奈下播！直言玩不了了！还放歃血找画面！,King_1233,无畏契约“圣经”,4,0,2026-09-14T02:13:00+08:00,317393953968,
bilibili,BV1maYB66Epr,康康被演员恶意狙击到无奈下播！直言玩不了了！还放歃血找画面！,深渊第17369层领主,于是一众冠军赛参赛选手纷纷感慨：这尼玛😠cn天才这么多，怎么就拿一个冠军。,33,0,2026-09-14T01:56:00+08:00,317396781920,
bilibili,BV1maYB66Epr,康康被演员恶意狙击到无奈下播！直言玩不了了！还放歃血找画面！,易远寒,回复 @深渊第17369层领主 :再去来点意林文学，cn的电竞天才都去研究科学了，为人类的发展做出贡献,21,0,2026-09-14T02:44:00+08:00,317396781920,
bilibili,BV1maYB66Epr,康康被演员恶意狙击到无奈下播！直言玩不了了！还放歃血找画面！,迷之0-0微笑,cn最不缺就是天才少年[喜极而泣],4,0,2026-09-14T03:39:00+08:00,317396781920,
bilibili,BV1maYB66Epr,康康被演员恶意狙击到无奈下播！直言玩不了了！还放歃血找画面！,迷之0-0微笑,回复 @迷之0-0微笑 : 什么天才你别问,0,0,2026-09-14T03:39:00+08:00,317396781920,
bilibili,BV1maYB66Epr,康康被演员恶意狙击到无奈下播！直言玩不了了！还放歃血找画面！,Moo2nLigh6tK,一把几千几万的都有,32,0,2026-09-14T01:54:00+08:00,313908453537,
bilibili,BV1maYB66Epr,康康被演员恶意狙击到无奈下播！直言玩不了了！还放歃血找画面！,砰砰砰砰进村,这游戏最恶心的地方就是高分有有钱少爷小姐找打手故意开挂或者当演员,50,0,2026-09-14T02:10:00+08:00,313908453537,
bilibili,BV1maYB66Epr,康康被演员恶意狙击到无奈下播！直言玩不了了！还放歃血找画面！,梦幻飞羽aqa,顶分狙主播职业一把能顶一个月工资了,22,0,2026-09-14T02:20:00+08:00,313908453537,
bilibili,BV1maYB66Epr,康康被演员恶意狙击到无奈下播！直言玩不了了！还放歃血找画面！,原来是小葵喵,故意恶心人搞心态的 撞对面就开挂 撞自家就开摆明演 如果康真的回应什么 又要被拿去当节奏攻击他[笑哭],21,0,2026-09-14T02:41:00+08:00,313908453537,
bilibili,BV1maYB66Epr,康康被演员恶意狙击到无奈下播！直言玩不了了！还放歃血找画面！,__野原新之助__-,有些有钱的少爷小姐单纯讨厌康康也有可能，纯恨来的，就想找人恶心他,14,0,2026-09-14T03:40:00+08:00,313908453537,
bilibili,BV1maYB66Epr,康康被演员恶意狙击到无奈下播！直言玩不了了！还放歃血找画面！,不变的温暖,就是有钱啊,0,0,2026-09-14T09:36:00+08:00,313908453537,
bilibili,BV1maYB66Epr,康康被演员恶意狙击到无奈下播！直言玩不了了！还放歃血找画面！,不变的温暖,一把随便千把块,0,0,2026-09-14T09:36:00+08:00,313908453537,
bilibili,BV1maYB66Epr,康康被演员恶意狙击到无奈下播！直言玩不了了！还放歃血找画面！,诸葛亮亮的老婆,对面有老板，给钱的,0,0,2026-09-14T12:35:00+08:00,313908453537,
bilibili,BV1maYB66Epr,康康被演员恶意狙击到无奈下播！直言玩不了了！还放歃血找画面！,像风如你ye,双排的,1,0,2026-09-13T17:40:00+08:00,317380863136,
bilibili,BV1maYB66Epr,康康被演员恶意狙击到无奈下播！直言玩不了了！还放歃血找画面！,脸上悲伤应该如何卸妆,就是cb吧，这id,0,0,2026-09-13T17:41:00+08:00,317380863136,
bilibili,BV1maYB66Epr,康康被演员恶意狙击到无奈下播！直言玩不了了！还放歃血找画面！,裴听澜,回复 @终极看客零零漆 :这俩谁也别说谁，韩国电竞搞小动作的还少？无非就是因为韩国电竞被立法了而已,0,0,2026-09-14T05:06:00+08:00,313908993521,
bilibili,BV1maYB66Epr,康康被演员恶意狙击到无奈下播！直言玩不了了！还放歃血找画面！,兎黒矧,回复 @终极看客零零漆 : 冷知识，国服最多到娱乐赛开，国内大赛和国际赛还真没怎么见过，棒子那是从电竞到奥运都能搞,0,0,2026-09-14T06:28:00+08:00,313908993521,
bilibili,BV1maYB66Epr,康康被演员恶意狙击到无奈下播！直言玩不了了！还放歃血找画面！,无法反制z,三角洲环境怕是更恶劣 护航都成明着的产业链了 瓦这边起码还管一管 没那么嚣张,8,0,2026-09-14T05:17:00+08:00,313919450209,
bilibili,BV1maYB66Epr,康康被演员恶意狙击到无奈下播！直言玩不了了！还放歃血找画面！,bili_47632198685,回复 @无法反制z : 搞的瓦代练陪玩上分不是大大方方似的，随便点进一个主播直播间都挂陪玩代练广告,2,0,2026-09-14T09:00:00+08:00,313919450209,陪玩|代练
bilibili,BV1maYB66Epr,康康被演员恶意狙击到无奈下播！直言玩不了了！还放歃血找画面！,无法反制z,回复 @bili_47632198685 :我指的不是互联网上的那种大大方方 那哪个游戏都是大大方方的 而是游戏内游戏官方 瓦这游戏你陪玩代练炸鱼是真会封号封机器码 也算是管陪玩代练行业了 三角洲是完全不管的 随便租号随便顿悟随便炸,1,0,2026-09-14T09:02:00+08:00,313919450209,陪玩|代练
bilibili,BV1maYB66Epr,康康被演员恶意狙击到无奈下播！直言玩不了了！还放歃血找画面！,bili_47632198685,回复 @无法反制z : 你不了解不代表没有，三角洲租号也有异地扫脸，数据异常200伤害直接踢出对局，你不能说从结果看没管住就是官方不管，那瓦不照样是没管？,0,0,2026-09-14T10:52:00+08:00,313919450209,
bilibili,BV1maYB66Epr,康康被演员恶意狙击到无奈下播！直言玩不了了！还放歃血找画面！,OHANAhu,我爱撒点小谎,0,0,2026-09-14T04:53:00+08:00,317413399312,
bilibili,BV1KAe56TEpC,新武器超模爆头伤害200！悍狼步枪！2900【无畏契约】,加勒比的石头,说一个暴论，我感觉主战步枪还是可以在价格上做一点聊胜于无的差异化。比如幻影价格2850，狂徒2950，这把枪2900。性能微调也好不微调也好。这样可能会因为这点细微的价格差异带来戏剧化的使用率差异,903,46,2026-09-14T14:47:00+08:00,,
bilibili,BV1KAe56TEpC,新武器超模爆头伤害200！悍狼步枪！2900【无畏契约】,北寒pluto,2900 200爆头 50身体 2倍镜 没有距离衰减 跟m4ak一样的穿墙倍率 问ak存在的意义是？,447,103,2026-09-14T14:41:00+08:00,,
bilibili,BV1KAe56TEpC,新武器超模爆头伤害200！悍狼步枪！2900【无畏契约】,普瑞赛斯是好女孩哟,目前来看评论区对于这把枪的评价褒贬不一，但是不少人确实提出了一点问题那就是这把枪的存在是否会影响狂徒和幻影 作为一名go瓦双修的玩家我大致说一下我的看法 先从go说起，对于这把枪，很明显，官方应该是有意推出一把类似于sg553定位的步枪的，也就是高额伤害配上瞄准镜，然后价格更高一些，但是了解go的人都明白，现在在go里面确实不咋能见到553，但是，在比较早期的版本，也就是所谓天国的553时期，那个时候553的存在是碾压ak的，因为在那个版本里，553射速比现在快快，伤害高，弹道也没有那么难控，并且价格适合，因此称霸职业赛场，以至于后来，官方削弱了它的射速，加大了后座，这才跌落神坛，成为了一个有些何意味的枪 但是这里要指出瓦和go的区别了，首先就是go里虽然大家肯定都追求颗秒，但是相对更快的移速以及固定的弹道，压枪在go里还是一种非常必要的击杀手段，在不打头的情况下，压枪就有ttk，而553虽然伤害比较高，但是射速过慢了，而且弹道不好控，因此压枪这一方面更加不如ak 但是在瓦里面就不同了，瓦的机动性更低，枪的弹道没有到可以完美压枪的程度，因此大家都追求极致的单点，单点就是接近0ttk，在这种情况下，这把新枪的优势就完全体现出来了，因为机动性低，所以更容易打身体至死，伤害更高就更有优势，有倍率更高的瞄准镜就不用说了，一寸长一寸强，再配上不怎么高的价格，可以说，这把枪在前期如果保持这样一种数值和定位，威胁到狂徒是完全有可能甚至一定的，至于子弹数量，对于伤害更高的枪来说，子弹只要不是太少，或者还有go那种弹匣机制，都还是比较够用的，所以以我个人的拙见来看，这把枪的出现很可能会重演几年前go当中天国的553的剧本，也就是超标。 以上都是我个人一些浅薄的理解，仅仅给大家伙做个简单的参考，打字不易点个赞吧[脱单doge][脱单doge],369,7,2026-09-14T19:48:00+08:00,,
bilibili,BV1KAe56TEpC,新武器超模爆头伤害200！悍狼步枪！2900【无畏契约】,丨隔壁老王丶丨,warden不是看守者的意思么咋中文变悍狼了[哦呼],282,24,2026-09-14T14:37:00+08:00,,
bilibili,BV1KAe56TEpC,新武器超模爆头伤害200！悍狼步枪！2900【无畏契约】,混合酒与红玫瑰,最大的作用是可以出新皮肤了[汤圆],250,1,2026-09-14T17:29:00+08:00,,
bilibili,BV1KAe56TEpC,新武器超模爆头伤害200！悍狼步枪！2900【无畏契约】,凯歌隐,2900的价格2把枪够了，再挤一把2900进来，总有一把没人买。不如搞个2500左右5枪死的大冲锋，能泼的要不2900的幻影，要不1600的骇灵。,201,7,2026-09-14T15:18:00+08:00,,
bilibili,BV1KAe56TEpC,新武器超模爆头伤害200！悍狼步枪！2900【无畏契约】,巫毒枪,太想赚钱了，鬼魅和正义里塞了个追猎，蜂刺和獠犬里塞了个骇灵，现在狂徒和幻影里塞个焊狼，下一个出啥呢？唉！奥丁和冥矩里塞一把，50发连射的莽侠[星星眼],177,56,2026-09-14T14:41:00+08:00,,
bilibili,BV1KAe56TEpC,新武器超模爆头伤害200！悍狼步枪！2900【无畏契约】,喝喝哈哈这个人,这枪出的意义就是让各大套装出个 3.0 让拳头美美圈米,164,1,2026-09-14T23:33:00+08:00,,
bilibili,BV1KAe56TEpC,新武器超模爆头伤害200！悍狼步枪！2900【无畏契约】,一個幸運的人ツ,好了，现在可以出个紫金3.0，配枪就是这把新强再加一把刀[颂乐人偶_眯眼笑][颂乐人偶_眯眼笑],140,4,2026-09-14T14:51:00+08:00,,
bilibili,BV1KAe56TEpC,新武器超模爆头伤害200！悍狼步枪！2900【无畏契约】,偏向虎山行彳,SG553来了 瓦学弟们看我怎么杀吧[脱单doge],134,3,2026-09-14T15:23:00+08:00,,
bilibili,BV1KAe56TEpC,新武器超模爆头伤害200！悍狼步枪！2900【无畏契约】,_pancake__,挂哥严选,77,16,2026-09-14T14:32:00+08:00,,
bilibili,BV1KAe56TEpC,新武器超模爆头伤害200！悍狼步枪！2900【无畏契约】,火奇克,休闲房起连狙？投票踢了[doge],44,3,2026-09-14T18:21:00+08:00,,
bilibili,BV1KAe56TEpC,新武器超模爆头伤害200！悍狼步枪！2900【无畏契约】,粽子dadada,挂哥的新玩具,42,1,2026-09-15T00:46:00+08:00,,
bilibili,BV1KAe56TEpC,新武器超模爆头伤害200！悍狼步枪！2900【无畏契约】,儒学孔仲尼,其实还可以出一种武器，就是一局只能使用一次，然后往一个地方丢的话会造成范围性伤害[思考],35,6,2026-09-15T00:24:00+08:00,,
bilibili,BV1KAe56TEpC,新武器超模爆头伤害200！悍狼步枪！2900【无畏契约】,ModelL,许愿下把出个2000价位的主战冲锋枪，我看野牛就不错 再许愿出把2900的主战轻机枪，奥丁端着跑太慢，战神太刮,16,2,2026-09-14T16:17:00+08:00,,
bilibili,BV1KAe56TEpC,新武器超模爆头伤害200！悍狼步枪！2900【无畏契约】,二次元掌门神,挂哥们有新专武了[笑哭],15,4,2026-09-14T22:30:00+08:00,,
bilibili,BV1KAe56TEpC,新武器超模爆头伤害200！悍狼步枪！2900【无畏契约】,降低很多遍,射速和戍卫有的一拼，单发身体伤害还不如戍卫，唯一的优势是可以开二倍镜？这把枪感觉没有什么优势区间，估计和追猎一样要加强才会比较好用,14,5,2026-09-14T17:15:00+08:00,,
bilibili,BV1KAe56TEpC,新武器超模爆头伤害200！悍狼步枪！2900【无畏契约】,Jilibili,我只看到了g哥们又有新的方法折磨我们了[汤圆],9,0,2026-09-14T18:38:00+08:00,,
bilibili,BV1KAe56TEpC,新武器超模爆头伤害200！悍狼步枪！2900【无畏契约】,你再串个试试呢,难道以后会出现能突破150血上限的特工[doge],6,0,2026-09-14T14:44:00+08:00,,
bilibili,BV1KAe56TEpC,新武器超模爆头伤害200！悍狼步枪！2900【无畏契约】,月球背面的弗洛伊德,笔记本玩家玩微风岛屿终于能起步枪了[千郁郁表情包_呆],6,0,2026-09-15T01:55:00+08:00,,
bilibili,BV1KAe56TEpC,新武器超模爆头伤害200！悍狼步枪！2900【无畏契约】,小糖猫喵喵喵,盲侠不让你eco起半甲的，这把新枪就是让你eco不能不起甲，荣誉新枪了有感觉吗，大大方方吸队友血起悍狼大大方方开特[汤圆],4,0,2026-09-15T01:33:00+08:00,,
bilibili,BV1KAe56TEpC,新武器超模爆头伤害200！悍狼步枪！2900【无畏契约】,Dec1s10n,这不就戍卫加个镜子扣点身体伤害？很多情况还不如戍卫呢还贵几百块出这个hyw,3,0,2026-09-14T23:06:00+08:00,,
bilibili,BV1KAe56TEpC,新武器超模爆头伤害200！悍狼步枪！2900【无畏契约】,艾米焦油,既然也是主战枪那么像莲花，混沌，塑水，天界，神罚，盖亚啥的都能出3.0了[星星眼]还有流脓2.0，很期待,2,0,2026-09-15T01:19:00+08:00,,
bilibili,BV1KAe56TEpC,新武器超模爆头伤害200！悍狼步枪！2900【无畏契约】,六乃由咲太,子弹20，备弹60，放大倍率有2.5/5倍，全自动，打头一枪死，打身体一枪80，不开镜时随机弹道，售价就定个5000吧🤓👆,2,0,2026-09-15T01:59:00+08:00,,
bilibili,BV1KAe56TEpC,新武器超模爆头伤害200！悍狼步枪！2900【无畏契约】,Mr_sui,sg552？Aug？,2,0,2026-09-14T23:06:00+08:00,,
bilibili,BV1KAe56TEpC,新武器超模爆头伤害200！悍狼步枪！2900【无畏契约】,成为大小姐的男人,这枪出的有点迷我说实话。没必要,2,0,2026-09-14T19:46:00+08:00,,
bilibili,BV1KAe56TEpC,新武器超模爆头伤害200！悍狼步枪！2900【无畏契约】,脸红小九月,悍狼？悍狼尼尔是吧？那我是冰龟罗克,2,0,2026-09-14T14:47:00+08:00,,
bilibili,BV1KAe56TEpC,新武器超模爆头伤害200！悍狼步枪！2900【无畏契约】,Oli_ver,thank you 莽侠,1,0,2026-09-15T02:10:00+08:00,,
bilibili,BV1KAe56TEpC,新武器超模爆头伤害200！悍狼步枪！2900【无畏契约】,不会飞的小白龙啊,@griffinsama @爱的人在这世上,1,0,2026-09-14T18:27:00+08:00,,
bilibili,BV1KAe56TEpC,新武器超模爆头伤害200！悍狼步枪！2900【无畏契约】,呜哇呜呜哇呜呜呜,@千帆从此过,0,0,2026-09-15T01:54:00+08:00,,
bilibili,BV1KAe56TEpC,新武器超模爆头伤害200！悍狼步枪！2900【无畏契约】,天润樱桃,瓦的枪价格可不是随便填的，玩多了就知道2900这个价格很微妙，多50少50用起来可是天差地别,832,0,2026-09-14T15:03:00+08:00,313974266785,
bilibili,BV1KAe56TEpC,新武器超模爆头伤害200！悍狼步枪！2900【无畏契约】,Siliciumdioxid,回复 @天润樱桃 :主要是道具贵，不想cs还能捡别人的道具，满经济9000容易烧干,178,0,2026-09-14T15:14:00+08:00,313974266785,
bilibili,BV1KAe56TEpC,新武器超模爆头伤害200！悍狼步枪！2900【无畏契约】,Ve零启,这个其实不太可能，尤其这版本m4和ak差的真不多[笑哭]怎么可能m4降价ak涨价,91,0,2026-09-14T15:18:00+08:00,313974266785,
bilibili,BV1KAe56TEpC,新武器超模爆头伤害200！悍狼步枪！2900【无畏契约】,雨雨雨停一下,回复 @Ve零启 :对道具和决斗还真不是很一样,10,0,2026-09-14T15:28:00+08:00,313974266785,
bilibili,BV1KAe56TEpC,新武器超模爆头伤害200！悍狼步枪！2900【无畏契约】,天使核_,哥们为啥会觉得ak高人一等,22,0,2026-09-14T15:29:00+08:00,313974266785,
bilibili,BV1KAe56TEpC,新武器超模爆头伤害200！悍狼步枪！2900【无畏契约】,加勒比的石头,回复 @天使核_ :没非得觉得ak高人一等但提到差异化了肯定总得有一个贵50。等会我放新枪在3000的位置就要有别人问我为什么觉得新枪比ak厉害了,7,0,2026-09-14T15:41:00+08:00,313974266785,
bilibili,BV1KAe56TEpC,新武器超模爆头伤害200！悍狼步枪！2900【无畏契约】,鸠梏i,那得改一下瓦经济系统的上限了,3,0,2026-09-14T15:42:00+08:00,313974266785,
bilibili,BV1KAe56TEpC,新武器超模爆头伤害200！悍狼步枪！2900【无畏契约】,加勒比的石头,回复 @天润樱桃 :确实很微妙不好动，但主要我感觉三把枪都是完全一样的价格那就只有使用场景做出差异了，如果多个价格上微妙的不同可能会多出一些决策差异,5,0,2026-09-14T15:45:00+08:00,313974266785,
bilibili,BV1KAe56TEpC,新武器超模爆头伤害200！悍狼步枪！2900【无畏契约】,Sato_lev,狂徒2850，幻影3050，比较合理，这两把枪现在强度差太多了,5,0,2026-09-14T15:46:00+08:00,313974266785,
bilibili,BV1KAe56TEpC,新武器超模爆头伤害200！悍狼步枪！2900【无畏契约】,六科吃闲饭的,不能乱调哦，全道具的朋友应该非常熟悉3250这个数字，起一把大枪，全道具，哦豁，输了，一看，3250，得，没辙，战神启动，你要是改了我就要半甲无道具了，这比改地图还劲大[妙啊],4,0,2026-09-14T15:52:00+08:00,313974266785,
bilibili,BV1KAe56TEpC,新武器超模爆头伤害200！悍狼步枪！2900【无畏契约】,亿星-YXSmStars,射速慢,1,0,2026-09-14T14:41:00+08:00,317465735408,
bilibili,BV1KAe56TEpC,新武器超模爆头伤害200！悍狼步枪！2900【无畏契约】,等狸子切切里,射速慢啊,0,0,2026-09-14T14:43:00+08:00,317465735408,
bilibili,BV1KAe56TEpC,新武器超模爆头伤害200！悍狼步枪！2900【无畏契约】,啾啾啾啾救赎,ak明显更全能，什么游戏了理解，总有近距离的时候，以为射速这属性没用吗,569,0,2026-09-14T14:43:00+08:00,317465735408,
bilibili,BV1KAe56TEpC,新武器超模爆头伤害200！悍狼步枪！2900【无畏契约】,逗瓣酱SSr,回复 @亿星-YXSmStars :没有人会一直泼，中低端局都是点小球，基本一两枪就出胜负了,38,0,2026-09-14T14:44:00+08:00,317465735408,
bilibili,BV1KAe56TEpC,新武器超模爆头伤害200！悍狼步枪！2900【无畏契约】,亿星-YXSmStars,回复 @逗瓣酱SSr :对 但是近距离遇到霓虹雷兹难处理,21,0,2026-09-14T14:46:00+08:00,317465735408,
bilibili,BV1KAe56TEpC,新武器超模爆头伤害200！悍狼步枪！2900【无畏契约】,逗瓣酱SSr,回复 @亿星-YXSmStars :Ak M4也一样，本身这种英雄设计就是高机动规避抢线的呀,14,0,2026-09-14T14:50:00+08:00,317465735408,
bilibili,BV1KAe56TEpC,新武器超模爆头伤害200！悍狼步枪！2900【无畏契约】,天润樱桃,射速弹夹,0,0,2026-09-14T15:00:00+08:00,317465735408,
bilibili,BV1KAe56TEpC,新武器超模爆头伤害200！悍狼步枪！2900【无畏契约】,归溟丶幽灵鲨,射速慢注定了它近距离容错率低,48,0,2026-09-14T15:03:00+08:00,317465735408,
bilibili,BV1KAe56TEpC,新武器超模爆头伤害200！悍狼步枪！2900【无畏契约】,北寒pluto,回复 @啾啾啾啾救赎 :对大甲小甲敌人不打头的情况下都是0.308秒死，对面没甲新武器少一枪更优，也就是只有扫转你说的这个射速才能排上用场,12,0,2026-09-14T15:06:00+08:00,317465735408,
bilibili,BV1KAe56TEpC,新武器超模爆头伤害200！悍狼步枪！2900【无畏契约】,Kiirarkle,回复 @逗瓣酱SSr :摆射，扫转，混烟，打道具都是优势区间，射速没用的话所有人都起戍卫了反正一枪头死,53,0,2026-09-14T15:33:00+08:00,317465735408,
bilibili,BV1KAe56TEpC,新武器超模爆头伤害200！悍狼步枪！2900【无畏契约】,漓杀,叽里咕噜说啥呢没听懂，出皮肤就对了,5,0,2026-09-14T23:42:00+08:00,317483347408,
bilibili,BV1KAe56TEpC,新武器超模爆头伤害200！悍狼步枪！2900【无畏契约】,向-卓,回复 @漓杀 :3.0来袭[笑哭][笑哭],1,0,2026-09-15T00:42:00+08:00,317483347408,
bilibili,BV1KAe56TEpC,新武器超模爆头伤害200！悍狼步枪！2900【无畏契约】,无技术之人,在瓦这种低移速射击游戏，这种枪可就不只是553的定位了，还有些连狙的影子,0,0,2026-09-15T00:46:00+08:00,317483347408,
bilibili,BV1KAe56TEpC,新武器超模爆头伤害200！悍狼步枪！2900【无畏契约】,净瑠璃479,普瑞赛斯是好女孩[大笑],0,0,2026-09-15T00:53:00+08:00,317483347408,
bilibili,BV1KAe56TEpC,新武器超模爆头伤害200！悍狼步枪！2900【无畏契约】,乖卡,你字多，你说得对,1,0,2026-09-15T01:41:00+08:00,317483347408,
bilibili,BV1KAe56TEpC,新武器超模爆头伤害200！悍狼步枪！2900【无畏契约】,-一颗酸橙-,掠影4.0[doge_金箍],0,0,2026-09-15T01:42:00+08:00,317483347408,
bilibili,BV1KAe56TEpC,新武器超模爆头伤害200！悍狼步枪！2900【无畏契约】,不是lolicon-,你字多跟你混[千恋万花表情包_丛雨Ciallo],0,0,2026-09-15T02:11:00+08:00,317483347408,
bilibili,BV1KAe56TEpC,新武器超模爆头伤害200！悍狼步枪！2900【无畏契约】,月溅星河pro,可能是港服这么叫吧,7,0,2026-09-14T14:38:00+08:00,317465272928,
bilibili,BV1KAe56TEpC,新武器超模爆头伤害200！悍狼步枪！2900【无畏契约】,莫要喜言,我看有的翻译还是典狱长嘞[doge],2,0,2026-09-14T14:39:00+08:00,317465272928,
bilibili,BV1KAe56TEpC,新武器超模爆头伤害200！悍狼步枪！2900【无畏契约】,Cyberia铃音,干脆叫循声守卫[doge],92,0,2026-09-14T14:41:00+08:00,317465272928,
bilibili,BV1KAe56TEpC,新武器超模爆头伤害200！悍狼步枪！2900【无畏契约】,丨隔壁老王丶丨,回复 @莫要喜言 :其实差不多，这个词有典狱长看守者，监护人，管理员的意思,8,0,2026-09-14T14:41:00+08:00,317465272928,
bilibili,BV1KAe56TEpC,新武器超模爆头伤害200！悍狼步枪！2900【无畏契约】,翟訫,回复 @Cyberia铃音 :麦块打过来了,2,0,2026-09-14T14:41:00+08:00,317465272928,
bilibili,BV1KAe56TEpC,新武器超模爆头伤害200！悍狼步枪！2900【无畏契约】,丨隔壁老王丶丨,回复 @莫要喜言 :我感觉叫守望者贴切点，毕竟拥有除狙击以外倍率最高的瞄准镜[doge],4,0,2026-09-14T14:42:00+08:00,317465272928,
bilibili,BV1KAe56TEpC,新武器超模爆头伤害200！悍狼步枪！2900【无畏契约】,等狸子切切里,无畏契约官号发的，中文自动翻译就是悍狼,5,0,2026-09-14T14:43:00+08:00,317465272928,
bilibili,BV1KAe56TEpC,新武器超模爆头伤害200！悍狼步枪！2900【无畏契约】,萤火Ethan,回复 @月溅星河pro :国服官方发的视频里是翻译成悍狼，可能是从那来的,3,0,2026-09-14T14:46:00+08:00,317465272928,
bilibili,BV1KAe56TEpC,新武器超模爆头伤害200！悍狼步枪！2900【无畏契约】,是永远的小严呐,翻译成牢大,1,0,2026-09-14T14:47:00+08:00,317465272928,
bilibili,BV1KAe56TEpC,新武器超模爆头伤害200！悍狼步枪！2900【无畏契约】,黑择明--黑巫师,回复 @丨隔壁老王丶丨 :主要是国服也没有三个字的，应该就是两个字名字,1,0,2026-09-14T14:49:00+08:00,317465272928,
bilibili,BV1KAe56TEpC,新武器超模爆头伤害200！悍狼步枪！2900【无畏契约】,那我也要睡啦,你是懂拳頭的[笑哭][笑哭],4,0,2026-09-14T18:55:00+08:00,317479205376,
bilibili,BV1KAe56TEpC,新武器超模爆头伤害200！悍狼步枪！2900【无畏契约】,一丰富的规划,确实步枪枪的生态其实已经很完善了，机枪，狙击枪都有上位替代，唯独冲锋枪只有1600的骇灵。应该给冲锋枪搞个上位的。,98,0,2026-09-14T17:32:00+08:00,317469438496,
bilibili,BV1KAe56TEpC,新武器超模爆头伤害200！悍狼步枪！2900【无畏契约】,SoftyLiu刘秀英,P90是吧,1,0,2026-09-14T18:27:00+08:00,317469438496,
bilibili,BV1KAe56TEpC,新武器超模爆头伤害200！悍狼步枪！2900【无畏契约】,桐谷理央,不可能，环境内没有高价冲锋枪的生态位置。2000价位（出头）已经有两把步枪可以选择了，冲锋枪的定位就是给起不了步枪的局用的，搞个2000多的“大骇灵”，数值低了不如戍卫潦犬，以及无畏契约是一个急停游戏，数值高了对游戏运营、平衡调整、玩家体验各方面来说简直就是灾难。既然冲锋枪需要“大骇灵”，那手枪也要出个全自动的“大正义”，名字我都想好了就叫“狂徒”吧，喷子直接花3000块买个类似雷滋大招的单发威力75的三连发火箭筒，爆炸范围中两发就秒[思考],16,0,2026-09-14T19:35:00+08:00,317469438496,
bilibili,BV1KAe56TEpC,新武器超模爆头伤害200！悍狼步枪！2900【无畏契约】,超超超级魔菇,可以直接搞个1800-2000的40发-50发超级蜂刺，一样三发头死，相比于蜂刺有一接多能力，相比于骇灵，近距离击杀效率更高，子弹更多，但是中距离作战能力差。相比于判官可以接一个后提前枪打第二个，并且移速比较快，但是第一个没喷子好接，而且吃震这种技能不像喷子一样好反杀。地形复杂和拐角多的小图有更多作战可能性。在隔断烟里强度也很高，特别是配合探测技能,3,0,2026-09-14T20:22:00+08:00,317469438496,
bilibili,BV1KAe56TEpC,新武器超模爆头伤害200！悍狼步枪！2900【无畏契约】,琉月初柒,回复 @超超超级魔菇 :野牛是吧[笑哭],1,0,2026-09-14T21:27:00+08:00,317469438496,
bilibili,BV1KAe56TEpC,新武器超模爆头伤害200！悍狼步枪！2900【无畏契约】,琉月初柒,回复 @一丰富的规划 :冲锋枪还有蜂刺啊 蜂刺虽然弹匣少 近距离比骇灵爆发高不少 目前环境已经挺合适了 再远就不是冲锋枪能打的范围了 冲锋枪要是射速快远距离伤害还高 就没有步枪什么事了,1,0,2026-09-14T21:30:00+08:00,317469438496,
bilibili,BV1KAe56TEpC,新武器超模爆头伤害200！悍狼步枪！2900【无畏契约】,游泳要带马桶圈,好想玩野牛🐮哞哞 瓦啥时候出把野牛,1,0,2026-09-14T23:08:00+08:00,317469438496,
bilibili,BV1KAe56TEpC,新武器超模爆头伤害200！悍狼步枪！2900【无畏契约】,阿森纳传奇萨卡,可以不玩的[星星眼],16,0,2026-09-14T14:48:00+08:00,317465737488,
bilibili,BV1KAe56TEpC,新武器超模爆头伤害200！悍狼步枪！2900【无畏契约】,光阴汜水,哥们，说新枪没问题，骇灵还能加伤的？,5,0,2026-09-14T18:52:00+08:00,317465737488,
bilibili,BV1KAe56TEpC,新武器超模爆头伤害200！悍狼步枪！2900【无畏契约】,光阴汜水,哥们，说新枪没问题，算上骇灵何意味啊,153,0,2026-09-14T18:52:00+08:00,317465737488,
bilibili,BV1KAe56TEpC,新武器超模爆头伤害200！悍狼步枪！2900【无畏契约】,来山东旅游的,其实骇灵和蜂刺之间更超标的之前没削弱的蜂刺，我之前夜露玩蜂刺老远都能压头，现在打身体都不准了[大哭],3,0,2026-09-14T21:09:00+08:00,317465737488,
bilibili,BV1KAe56TEpC,新武器超模爆头伤害200！悍狼步枪！2900【无畏契约】,和合散,没看懂想表达啥,124,0,2026-09-14T21:15:00+08:00,317465737488,
bilibili,BV1KAe56TEpC,新武器超模爆头伤害200！悍狼步枪！2900【无畏契约】,苏苏家的默泉,这倒还好，还是动不动英雄平衡性的抽象调整更恶心人一点,8,0,2026-09-14T21:17:00+08:00,317465737488,
bilibili,BV1KAe56TEpC,新武器超模爆头伤害200！悍狼步枪！2900【无畏契约】,withoutforest,没看明白你想表达什么，甚至举例都不知所云，蜂刺和獠犬是一个赛道的吗,55,0,2026-09-14T21:19:00+08:00,317465737488,
bilibili,BV1KAe56TEpC,新武器超模爆头伤害200！悍狼步枪！2900【无畏契约】,誓言丶小兮,不出枪天天用那几把不腻吗,10,0,2026-09-14T21:25:00+08:00,317465737488,
bilibili,BV1KAe56TEpC,新武器超模爆头伤害200！悍狼步枪！2900【无畏契约】,东兰时,你要举例说大狙和鸟狙之间出一把莽侠都算你有点逻辑……蜂刺和獠犬 奥丁和大狙是一个赛道么,26,0,2026-09-14T21:37:00+08:00,317465737488,
bilibili,BV1KAe56TEpC,新武器超模爆头伤害200！悍狼步枪！2900【无畏契约】,ddddhm,不出枪要说没产能，出枪要说想赚钱，话都让你说完了,12,0,2026-09-14T21:40:00+08:00,317465737488,
bilibili,BV1KAe56TEpC,新武器超模爆头伤害200！悍狼步枪！2900【无畏契约】,凉风炎阳,好有思路，确实有这个可能,0,0,2026-09-15T00:17:00+08:00,313995013617,
bilibili,BV1KAe56TEpC,新武器超模爆头伤害200！悍狼步枪！2900【无畏契约】,文凯Mh-hr,你是山羊,8,0,2026-09-14T15:26:00+08:00,313974539633,
bilibili,BV1KAe56TEpC,新武器超模爆头伤害200！悍狼步枪！2900【无畏契约】,The-Eclipse,加上追猎，刚刚好[笑哭],7,0,2026-09-14T15:51:00+08:00,313974539633,
bilibili,BV1KAe56TEpC,新武器超模爆头伤害200！悍狼步枪！2900【无畏契约】,伊文瑟伯-贾斯缇,什么追猎盲侠飞将战神之类的，反正紫金没有的都加进去,4,0,2026-09-14T16:04:00+08:00,313974539633,
bilibili,BV1KAe56TEpC,新武器超模爆头伤害200！悍狼步枪！2900【无畏契约】,想喝大奈雪,然后再来个究极大大大回火,3,0,2026-09-14T17:32:00+08:00,313974539633,
bilibili,BV1KAe56TEpC,新武器超模爆头伤害200！悍狼步枪！2900【无畏契约】,突破手阿chen酱,休闲秒踢[魔法少女的魔女审判动态表情包_我投降],12,0,2026-09-14T19:34:00+08:00,317470029232,
bilibili,BV1KAe56TEpC,新武器超模爆头伤害200！悍狼步枪！2900【无畏契约】,faruzan---,普通步枪不就是553了?射速都差不多,1,0,2026-09-14T22:45:00+08:00,317470029232,
bilibili,BV1KAe56TEpC,新武器超模爆头伤害200！悍狼步枪！2900【无畏契约】,st1ny,回复 @faruzan--- :差多了，553伤害很高所以削了射速，射速一样又没有奥迪的开镜延迟，会变成新手薯条的步枪选择。,5,0,2026-09-14T23:07:00+08:00,317470029232,
bilibili,BV1KAe56TEpC,新武器超模爆头伤害200！悍狼步枪！2900【无畏契约】,筱寒い,挂哥起戍卫不比这暴力多了,39,0,2026-09-14T14:33:00+08:00,313972691809,
bilibili,BV1KAe56TEpC,新武器超模爆头伤害200！悍狼步枪！2900【无畏契约】,拉娜四叶娜,穿墙性能不够,2,0,2026-09-14T14:36:00+08:00,313972691809,
bilibili,BV1KAe56TEpC,新武器超模爆头伤害200！悍狼步枪！2900【无畏契约】,樱花草之魂,戍卫是高穿，这个是中穿,72,0,2026-09-14T14:36:00+08:00,313972691809,
bilibili,BV1KAe56TEpC,新武器超模爆头伤害200！悍狼步枪！2900【无畏契约】,阿森纳传奇萨卡,咋可能，穿透中等，和AK是一样的，人家为啥不选子弹更多的AK？,9,0,2026-09-14T14:37:00+08:00,313972691809,
bilibili,BV1KAe56TEpC,新武器超模爆头伤害200！悍狼步枪！2900【无畏契约】,三叶虫啊,中穿有点乏力了,3,0,2026-09-14T14:37:00+08:00,313972691809,
bilibili,BV1KAe56TEpC,新武器超模爆头伤害200！悍狼步枪！2900【无畏契约】,草莓猫あおkoni,回复 @筱寒い :那是不演了,0,0,2026-09-14T14:38:00+08:00,313972691809,
bilibili,BV1KAe56TEpC,新武器超模爆头伤害200！悍狼步枪！2900【无畏契约】,求求老天别搞我了,回复 @阿森纳传奇萨卡 :穿透中等但是你不看ak爆头伤害才150，这枪爆头伤害200啊[笑哭]同样穿透下这枪穿墙伤害比ak高啊,2,0,2026-09-14T14:43:00+08:00,313972691809,
bilibili,BV1KAe56TEpC,新武器超模爆头伤害200！悍狼步枪！2900【无畏契约】,阿森纳传奇萨卡,回复 @求求老天别搞我了 :冷知识AK爆头160。 再说个冷知识，戍卫高穿透爆头伤害195,7,0,2026-09-14T14:45:00+08:00,313972691809,
bilibili,BV1KAe56TEpC,新武器超模爆头伤害200！悍狼步枪！2900【无畏契约】,求求老天别搞我了,回复 @阿森纳传奇萨卡 :[笑哭][笑哭][笑哭]哦记错了ak是160.m4远距离爆头是145好像,0,0,2026-09-14T14:52:00+08:00,313972691809,
bilibili,BV1KAe56TEpC,新武器超模爆头伤害200！悍狼步枪！2900【无畏契约】,九转炼狱,回复 @求求老天别搞我了 :m4远射140，正义145,3,0,2026-09-14T14:54:00+08:00,313972691809,
bilibili,BV1KAe56TEpC,新武器超模爆头伤害200！悍狼步枪！2900【无畏契约】,折纸士兵,这是战地之王的梗吗[妙啊],1,0,2026-09-15T00:28:00+08:00,317481333600,
bilibili,BV1KAe56TEpC,新武器超模爆头伤害200！悍狼步枪！2900【无畏契约】,江胡人士,回复 @折纸士兵 :一开始是csgo的，连狙被称为gaygun，战地之王是全房禁连狙，后来是禁狙了[妙啊],2,0,2026-09-15T01:32:00+08:00,317481333600,
bilibili,BV1KAe56TEpC,新武器超模爆头伤害200！悍狼步枪！2900【无畏契约】,折纸士兵,回复 @江胡人士 :gaygun是不是就是指轮椅枪的意思,0,0,2026-09-15T02:04:00+08:00,317481333600,
bilibili,BV1KAe56TEpC,新武器超模爆头伤害200！悍狼步枪！2900【无畏契约】,能工智人h,中肯的,2,0,2026-09-15T01:17:00+08:00,317492058304,
bilibili,BV1KAe56TEpC,新武器超模爆头伤害200！悍狼步枪！2900【无畏契约】,Ai_Lei,那tm是核弹,8,0,2026-09-15T00:27:00+08:00,317490900208,
bilibili,BV1KAe56TEpC,新武器超模爆头伤害200！悍狼步枪！2900【无畏契约】,秋大呗,n那不是雷吗,5,0,2026-09-15T00:28:00+08:00,317490900208,
bilibili,BV1KAe56TEpC,新武器超模爆头伤害200！悍狼步枪！2900【无畏契约】,寡言若叶睦,那是彩雷飞溅[笑哭],0,0,2026-09-15T00:59:00+08:00,317490900208,
bilibili,BV1KAe56TEpC,新武器超模爆头伤害200！悍狼步枪！2900【无畏契约】,只喝果茶_,这不是生死狙击的榴弹步枪吗,0,0,2026-09-15T01:03:00+08:00,317490900208,
bilibili,BV1KAe56TEpC,新武器超模爆头伤害200！悍狼步枪！2900【无畏契约】,叫我川上就好,其实还可以出一种武器，就是一局只能使用一次，然后往一个地方丢的话会造成短时间烟雾覆盖[思考],1,0,2026-09-15T01:05:00+08:00,317490900208,
bilibili,BV1KAe56TEpC,新武器超模爆头伤害200！悍狼步枪！2900【无畏契约】,凯鑫520w0,一起狂欢,0,0,2026-09-15T01:41:00+08:00,317490900208,
bilibili,BV1KAe56TEpC,新武器超模爆头伤害200！悍狼步枪！2900【无畏契约】,寧C751900,我看银色杀手就不错,2,0,2026-09-14T16:54:00+08:00,317474668816,
bilibili,BV1KAe56TEpC,新武器超模爆头伤害200！悍狼步枪！2900【无畏契约】,Celebrity2_U,机枪应该不会出新的了奥丁很完美了，可以重做战神，这枪真没什么人起，冲锋枪缺一把跑打之神p90,0,0,2026-09-14T17:20:00+08:00,317474668816,
bilibili,BV1KAe56TEpC,新武器超模爆头伤害200！悍狼步枪！2900【无畏契约】,挽虹鲨,挂哥专武依旧戍卫啊[笑哭],0,0,2026-09-14T23:01:00+08:00,313993145953,
bilibili,BV1KAe56TEpC,新武器超模爆头伤害200！悍狼步枪！2900【无畏契约】,稚皋MMD,都开挂了肯定样样精通，王之财宝加一罢了[笑哭],0,0,2026-09-15T00:20:00+08:00,313993145953,
bilibili,BV1KAe56TEpC,新武器超模爆头伤害200！悍狼步枪！2900【无畏契约】,happiar,戍卫更便宜[阴险],0,0,2026-09-15T00:53:00+08:00,313993145953,
bilibili,BV1KAe56TEpC,新武器超模爆头伤害200！悍狼步枪！2900【无畏契约】,蓝蓝小剪刀,不是说是中穿透吗，穿墙还是比不过戍卫,0,0,2026-09-15T01:00:00+08:00,313993145953,
bilibili,BV1KAe56TEpC,新武器超模爆头伤害200！悍狼步枪！2900【无畏契约】,鸡樊呢,它是全自动 戍卫是半自动。一枪身体50三枪就死了,3,0,2026-09-14T17:20:00+08:00,317478439696,
bilibili,BV1KAe56TEpC,新武器超模爆头伤害200！悍狼步枪！2900【无畏契约】,猫原ayano,回复 @鸡樊呢 :他这个射速打三枪身体自己早死了,1,0,2026-09-15T01:16:00+08:00,317478439696,
bilibili,BV1KAe56TEpC,新武器超模爆头伤害200！悍狼步枪！2900【无畏契约】,找不到策安的兰舟,回复 @猫原ayano :看射速来说它三枪身体的时间和狂徒四枪身体的时间大差不差，它现在差的是秒伤低，导致空枪惩罚高，穿烟穿板效率低,0,0,2026-09-15T01:30:00+08:00,317478439696,
bilibili,BV1KAe56TEpC,新武器超模爆头伤害200！悍狼步枪！2900【无畏契约】,夏色HERO-,回复 @找不到策安的兰舟 :已经很可以了，总不能全能吧[笑哭],1,0,2026-09-15T01:55:00+08:00,317478439696,
bilibili,BV1KAe56TEpC,新武器超模爆头伤害200！悍狼步枪！2900【无畏契约】,鸡樊呢,回复 @猫原ayano :看看到时候具体表现吧，感觉追猎拳头做得一开始就便保守一些，可能这把枪还要加强,0,0,2026-09-15T02:16:00+08:00,317478439696,
bilibili,BV1kpYq6ZE2G,【勾檀Mayumi】勾神观看sss级大哥舟舟子游玩无畏契约，意外发现还有更精彩的节目！并展示起了演技，勾神的表演你就学吧！,舍得语,感化少爷，结局还说天天开心，弹幕都急哭了,11,2,2026-09-13T23:50:00+08:00,,
bilibili,BV1kpYq6ZE2G,【勾檀Mayumi】勾神观看sss级大哥舟舟子游玩无畏契约，意外发现还有更精彩的节目！并展示起了演技，勾神的表演你就学吧！,卖校服,@zzz舟舟子zzz 这里有你B瓦杯高光剪辑,2,0,2026-09-13T17:58:00+08:00,,
bilibili,BV1kpYq6ZE2G,【勾檀Mayumi】勾神观看sss级大哥舟舟子游玩无畏契约，意外发现还有更精彩的节目！并展示起了演技，勾神的表演你就学吧！,AIChannel欧洲绊爱,勾@一个瓦瓦小镇的保安,0,0,2026-09-14T06:04:00+08:00,,
bilibili,BV1kpYq6ZE2G,【勾檀Mayumi】勾神观看sss级大哥舟舟子游玩无畏契约，意外发现还有更精彩的节目！并展示起了演技，勾神的表演你就学吧！,感知模糊,zzz依旧小笨嘴,0,0,2026-09-14T03:36:00+08:00,,
bilibili,BV1kpYq6ZE2G,【勾檀Mayumi】勾神观看sss级大哥舟舟子游玩无畏契约，意外发现还有更精彩的节目！并展示起了演技，勾神的表演你就学吧！,comfortable4,舟舟子感化路人@七濑Unia @折翼纸飞机,0,0,2026-09-14T02:09:00+08:00,,
bilibili,BV1kpYq6ZE2G,【勾檀Mayumi】勾神观看sss级大哥舟舟子游玩无畏契约，意外发现还有更精彩的节目！并展示起了演技，勾神的表演你就学吧！,一天背十个单词,我最喜欢的主包碎碎念[星星眼],0,0,2026-09-14T00:45:00+08:00,,
bilibili,BV1kpYq6ZE2G,【勾檀Mayumi】勾神观看sss级大哥舟舟子游玩无畏契约，意外发现还有更精彩的节目！并展示起了演技，勾神的表演你就学吧！,为你挡尽尘埃,可爱捏[Mygo表情包_让我看看],0,0,2026-09-13T17:00:00+08:00,,
bilibili,BV1kpYq6ZE2G,【勾檀Mayumi】勾神观看sss级大哥舟舟子游玩无畏契约，意外发现还有更精彩的节目！并展示起了演技，勾神的表演你就学吧！,永十run,弹幕红完了,1,0,2026-09-14T04:14:00+08:00,313901859505,
bilibili,BV1kpYq6ZE2G,【勾檀Mayumi】勾神观看sss级大哥舟舟子游玩无畏契约，意外发现还有更精彩的节目！并展示起了演技，勾神的表演你就学吧！,蛋白IU,回复 @永十run :我都发了50sc让他骂了,0,0,2026-09-14T15:03:00+08:00,313901859505,
bilibili,BV1Z1Ye6LE8S,【开源项目】无畏契约道具助手 valo-lineup【bilibili Toy】,J位同学,咋开始打瓦了[doge],0,1,2026-09-13T13:12:00+08:00,,
bilibili,BV1Z1Ye6LE8S,【开源项目】无畏契约道具助手 valo-lineup【bilibili Toy】,PeterAlbus,随机游玩任意游戏（,0,0,2026-09-13T13:22:00+08:00,313868563553,
bilibili,BV1f5e56ZEoY,排位全新段位盘盘，玩法曝光！【无畏契约】,爱恰饭的恋小生,辟谣，没有盘盘替挂饰的说法，段位挂饰依旧会有，同时段位纪念币也会给你，是额外的奖励[给心心][给心心][给心心],158,7,2026-09-14T15:50:00+08:00,,
bilibili,BV1f5e56ZEoY,排位全新段位盘盘，玩法曝光！【无畏契约】,Robpz,这不我们apex的投影吗，下次是不是要加魂环了,153,3,2026-09-14T15:11:00+08:00,,
bilibili,BV1f5e56ZEoY,排位全新段位盘盘，玩法曝光！【无畏契约】,失恋纳入医保,我求策划能不能不要再做这种和段位绑定的小玩意了，我真的感觉这会让更多的人找代练打手甚至挂配，你知道我看见队里走路瞄地的奶妈手上的神话挂坠的时候心情有多复杂吗,105,12,2026-09-14T19:39:00+08:00,,代练
bilibili,BV1f5e56ZEoY,排位全新段位盘盘，玩法曝光！【无畏契约】,哈德曼の妖怪,如果看到疑似代打混上去的傻福队友段位很高闪闪发光，但是各方面都很唐不像，他说你上过（）吗，我说不信，它会不会破绷[doge],51,4,2026-09-14T15:15:00+08:00,,代打
bilibili,BV1f5e56ZEoY,排位全新段位盘盘，玩法曝光！【无畏契约】,郭成霆,那么到28年盘盘会重置还是继续保留,40,2,2026-09-14T15:08:00+08:00,,
bilibili,BV1f5e56ZEoY,排位全新段位盘盘，玩法曝光！【无畏契约】,六枚硬币脱非入欧,感觉有些虚荣心强的会请代打拿这玩意，未来环境堪忧啊,20,11,2026-09-14T15:58:00+08:00,,代打
bilibili,BV1f5e56ZEoY,排位全新段位盘盘，玩法曝光！【无畏契约】,bili_3546598353143980,终于增加一些能给玩家点正反馈和情绪价值的内容了[星星眼]但是这个盘盘是不是得等最后一个赛幕才有全部玩法，如果是这样的话就有点那啥了,18,0,2026-09-14T15:10:00+08:00,,
bilibili,BV1f5e56ZEoY,排位全新段位盘盘，玩法曝光！【无畏契约】,YZ丑学法语,解锁个完全体要玩一年[笑哭],17,0,2026-09-14T15:13:00+08:00,,
bilibili,BV1f5e56ZEoY,排位全新段位盘盘，玩法曝光！【无畏契约】,肉松吃饭,往地上丢个黄金铂金段位的盘盘队友都破绷了[星星眼][星星眼][星星眼],8,0,2026-09-14T15:09:00+08:00,,
bilibili,BV1f5e56ZEoY,排位全新段位盘盘，玩法曝光！【无畏契约】,过于真实的,神罚加黑铁盘盘有说法吗,5,1,2026-09-15T01:15:00+08:00,,
bilibili,BV1f5e56ZEoY,排位全新段位盘盘，玩法曝光！【无畏契约】,尤风沨沨,挂饰还在吗,4,1,2026-09-14T15:09:00+08:00,,
bilibili,BV1f5e56ZEoY,排位全新段位盘盘，玩法曝光！【无畏契约】,Z_A_Z,代打要涨价了[笑哭],3,0,2026-09-14T16:55:00+08:00,,代打
bilibili,BV1f5e56ZEoY,排位全新段位盘盘，玩法曝光！【无畏契约】,尸仙出山日,27年挂坠还是永久的？不是说改成实时的了吗,3,1,2026-09-14T15:31:00+08:00,,
bilibili,BV1f5e56ZEoY,排位全新段位盘盘，玩法曝光！【无畏契约】,无咎777,以前上神话的不补一个？还要肝？,2,0,2026-09-14T15:45:00+08:00,,
bilibili,BV1f5e56ZEoY,排位全新段位盘盘，玩法曝光！【无畏契约】,beautifuljny,这不是apex吗,2,0,2026-09-14T15:29:00+08:00,,
bilibili,BV1f5e56ZEoY,排位全新段位盘盘，玩法曝光！【无畏契约】,弱米滋,apex遥遥领先[doge][doge],2,0,2026-09-14T19:07:00+08:00,,
bilibili,BV1f5e56ZEoY,排位全新段位盘盘，玩法曝光！【无畏契约】,无三圭,为什么不来一个排位尾气，开局走路身后带一条尾气，多霸气,2,3,2026-09-14T16:37:00+08:00,,
bilibili,BV1f5e56ZEoY,排位全新段位盘盘，玩法曝光！【无畏契约】,10half,依旧不改通行证肝度,1,0,2026-09-15T02:12:00+08:00,,
bilibili,BV1f5e56ZEoY,排位全新段位盘盘，玩法曝光！【无畏契约】,柳木詩夢I,本质来说，呃，这跟手游的有什么区别呢？同样是段位送盘盘，手游的是多几个面，端游的依旧一个东西能更新出那么多[笑哭]有这时间还不如多出点类似于手游的娱乐模式,1,0,2026-09-15T02:10:00+08:00,,
bilibili,BV1f5e56ZEoY,排位全新段位盘盘，玩法曝光！【无畏契约】,艺人kk,快死了知道要好好更新了,1,0,2026-09-14T15:41:00+08:00,,
bilibili,BV1f5e56ZEoY,排位全新段位盘盘，玩法曝光！【无畏契约】,樵花,我真得掉分整个黑铁盘盘了,1,0,2026-09-14T17:37:00+08:00,,
bilibili,BV1f5e56ZEoY,排位全新段位盘盘，玩法曝光！【无畏契约】,白夜昕雨,退坑小半年错过个盘盘[doge],1,0,2026-09-14T16:11:00+08:00,,
bilibili,BV1f5e56ZEoY,排位全新段位盘盘，玩法曝光！【无畏契约】,m39sisi,@GRhammer 谁家apex,1,0,2026-09-14T15:09:00+08:00,,
bilibili,BV1f5e56ZEoY,排位全新段位盘盘，玩法曝光！【无畏契约】,摆烂得巅峰,这不是apex段位投影吗？记得表明出处[汤圆][汤圆],1,0,2026-09-14T15:10:00+08:00,,
bilibili,BV1f5e56ZEoY,排位全新段位盘盘，玩法曝光！【无畏契约】,抠鼻脑大,成就系统有奖励吗,1,0,2026-09-14T15:08:00+08:00,,
bilibili,BV1f5e56ZEoY,排位全新段位盘盘，玩法曝光！【无畏契约】,牛哇_牛哇,想要黑铁盘盘,1,0,2026-09-15T01:20:00+08:00,,
bilibili,BV1f5e56ZEoY,排位全新段位盘盘，玩法曝光！【无畏契约】,洛洛swtte,@-无解--,0,0,2026-09-14T15:43:00+08:00,,
bilibili,BV1f5e56ZEoY,排位全新段位盘盘，玩法曝光！【无畏契约】,好好睡觉天天吃肉,打完一局满地特效,0,0,2026-09-15T02:04:00+08:00,,
bilibili,BV1f5e56ZEoY,排位全新段位盘盘，玩法曝光！【无畏契约】,IHateCoward,apex全息投影来了,0,0,2026-09-14T16:07:00+08:00,,
bilibili,BV1f5e56ZEoY,排位全新段位盘盘，玩法曝光！【无畏契约】,好好睡觉天天吃肉,可以预见未来打完残局和摆地摊一样满地特效了,0,0,2026-09-15T02:03:00+08:00,,
bilibili,BV1f5e56ZEoY,排位全新段位盘盘，玩法曝光！【无畏契约】,已加墨,这个还可以[星星眼],8,0,2026-09-14T16:01:00+08:00,313980171793,
bilibili,BV1f5e56ZEoY,排位全新段位盘盘，玩法曝光！【无畏契约】,xXDaisXx,也就是说 v27的段位挂饰照常发放 并且也是永久的？,20,0,2026-09-14T16:37:00+08:00,313980171793,
bilibili,BV1f5e56ZEoY,排位全新段位盘盘，玩法曝光！【无畏契约】,想喝大奈雪,黑铁盘盘[星星眼],1,0,2026-09-14T17:29:00+08:00,313980171793,
bilibili,BV1f5e56ZEoY,排位全新段位盘盘，玩法曝光！【无畏契约】,鱼羽谷岚,一直都说是有挂坠，加了个盘盘，只是挂坠不再是最高段的，是实时结算段的，靠赛季初偷不了赋能挂坠了，被他们造谣传成了没有挂坠只有盘盘了[吃瓜],6,0,2026-09-14T18:34:00+08:00,313980171793,
bilibili,BV1f5e56ZEoY,排位全新段位盘盘，玩法曝光！【无畏契约】,Sylvin__,回复 @鱼羽谷岚 :就是这个挂坠是会变得，还是说结算时段位的,0,0,2026-09-14T18:53:00+08:00,313980171793,
bilibili,BV1f5e56ZEoY,排位全新段位盘盘，玩法曝光！【无畏契约】,鱼羽谷岚,回复 @Sylvin__ :现在是以你本赛季达到过的最高段位发，比如你现在神话 ，结算的时候掉超凡了，还是发神话，27年赛季就，结算的时候你是什么就发什么,1,0,2026-09-14T19:14:00+08:00,313980171793,
bilibili,BV1f5e56ZEoY,排位全新段位盘盘，玩法曝光！【无畏契约】,十月是个愁标子,回复 @鱼羽谷岚 :新赛季赋能挂饰只有500个人有,0,0,2026-09-14T23:50:00+08:00,313980171793,
bilibili,BV1f5e56ZEoY,排位全新段位盘盘，玩法曝光！【无畏契约】,岚Kiasder,下次每回合开始从天上飞下来带尾气[星星眼],19,0,2026-09-14T15:25:00+08:00,313976475665,
bilibili,BV1f5e56ZEoY,排位全新段位盘盘，玩法曝光！【无畏契约】,十二点睡觉永远睡不醒,回复 @岚Kiasder :快进到每回合重生带光影,7,0,2026-09-14T15:31:00+08:00,313976475665,
bilibili,BV1f5e56ZEoY,排位全新段位盘盘，玩法曝光！【无畏契约】,婴毛,还有玩家卡面,0,0,2026-09-14T16:05:00+08:00,313976475665,
bilibili,BV1f5e56ZEoY,排位全新段位盘盘，玩法曝光！【无畏契约】,AYYU_阿鱼,骗你的，其实瞄地奶妈都是赋能,14,0,2026-09-14T23:41:00+08:00,313990455473,
bilibili,BV1f5e56ZEoY,排位全新段位盘盘，玩法曝光！【无畏契约】,传奇机长坤巴杨,本质社交游戏啊，你说的这种奶妈也基本不可能是单排的，那不还是因为要陪人家玩吗,1,0,2026-09-14T23:42:00+08:00,313990455473,
bilibili,BV1f5e56ZEoY,排位全新段位盘盘，玩法曝光！【无畏契约】,五毒布洛芬胶囊,回复 @传奇机长坤巴杨 :那不之前排到一把对面奶妈来上三反向炸鱼，对面哥们绷不住直接不玩了，直接来中路玩刀，然后第二把开局给我们带路把奶妈杀了就开鞭，我们给他们送到六分,2,0,2026-09-14T23:43:00+08:00,313990455473,
bilibili,BV1f5e56ZEoY,排位全新段位盘盘，玩法曝光！【无畏契约】,阳光开朗牢保安,打黄铂经常遇到挂个钻石炒饭的奶妈，打的不用多说了[笑哭],2,0,2026-09-14T23:59:00+08:00,313990455473,
bilibili,BV1f5e56ZEoY,排位全新段位盘盘，玩法曝光！【无畏契约】,源稚生和防晒油,虚荣心，能理解,1,0,2026-09-15T00:16:00+08:00,313990455473,
bilibili,BV1f5e56ZEoY,排位全新段位盘盘，玩法曝光！【无畏契约】,rain2333hhh,但同时也有很多人想靠自己打打出一个段位标，你这方法治标不治本还会波及正常人,0,0,2026-09-15T00:31:00+08:00,313990455473,
bilibili,BV1f5e56ZEoY,排位全新段位盘盘，玩法曝光！【无畏契约】,给我一个暴坤,反向炸鱼很多的，这游戏超凡一堆育苗摇头晃脑的。,0,0,2026-09-15T00:44:00+08:00,313990455473,
bilibili,BV1f5e56ZEoY,排位全新段位盘盘，玩法曝光！【无畏契约】,粉锁想开了,那没法，打排位本来就是为了虚荣心，官方考虑的肯定是满足大部分普通玩家，而不是考虑找代打的怎么想的,0,0,2026-09-15T00:49:00+08:00,313990455473,代打
bilibili,BV1f5e56ZEoY,排位全新段位盘盘，玩法曝光！【无畏契约】,袁彬同学,回复 @传奇机长坤巴杨 :那就玩匹配呗,0,0,2026-09-15T01:12:00+08:00,313990455473,
bilibili,BV1f5e56ZEoY,排位全新段位盘盘，玩法曝光！【无畏契约】,海森奥尔良鸡腿堡,没办法拳头他们那边本地代练是严打的，挂也少，他们无法同情国内的环境[笑哭],0,0,2026-09-15T01:20:00+08:00,313990455473,代练
bilibili,BV1f5e56ZEoY,排位全新段位盘盘，玩法曝光！【无畏契约】,卡厄斯兰納,现在假肢带神赋挂饰依旧很招笑[笑哭],9,0,2026-09-14T15:18:00+08:00,317469265648,
bilibili,BV1f5e56ZEoY,排位全新段位盘盘，玩法曝光！【无畏契约】,哈德曼の妖怪,不敢笑，昨天黄金本地人暴打神话挂饰哥，然后被白银一一脚踢死[笑哭],0,0,2026-09-14T15:19:00+08:00,317469265648,
bilibili,BV1f5e56ZEoY,排位全新段位盘盘，玩法曝光！【无畏契约】,des黑背心,回复 @哈德曼の妖怪 :那个是买号的[笑哭],1,0,2026-09-14T15:34:00+08:00,317469265648,
bilibili,BV1f5e56ZEoY,排位全新段位盘盘，玩法曝光！【无畏契约】,zero_bits,青铜捡到神话挂饰日常罢了，根本就是假肢神话,0,0,2026-09-14T15:35:00+08:00,317469265648,
bilibili,BV1f5e56ZEoY,排位全新段位盘盘，玩法曝光！【无畏契约】,Shelocc,还没27年呢兄弟，往好处想到时候👊🏻褒姒了[笑哭],20,0,2026-09-14T15:13:00+08:00,313976273233,
bilibili,BV1f5e56ZEoY,排位全新段位盘盘，玩法曝光！【无畏契约】,某长不高夜叉,或许是设计新的赛季盘盘？毕竟一年一款，总不能真搞不出来吧,2,0,2026-09-14T16:25:00+08:00,313976273233,
bilibili,BV1f5e56ZEoY,排位全新段位盘盘，玩法曝光！【无畏契约】,九霄牧月,不用感觉，现在依旧有虚荣心强的找代练,26,0,2026-09-14T16:00:00+08:00,313980622001,代练
bilibili,BV1f5e56ZEoY,排位全新段位盘盘，玩法曝光！【无畏契约】,2001的夏天,不管怎么样都会有这种虚荣心强的人的[笑哭]，没办法的事情,4,0,2026-09-14T16:43:00+08:00,313980622001,
bilibili,BV1f5e56ZEoY,排位全新段位盘盘，玩法曝光！【无畏契约】,春日告别,已经很烂了,0,0,2026-09-14T16:52:00+08:00,313980622001,
bilibili,BV1f5e56ZEoY,排位全新段位盘盘，玩法曝光！【无畏契约】,月色真没美,低分神话六成是代练陪玩打上来的[笑哭],3,0,2026-09-14T17:05:00+08:00,313980622001,陪玩|代练
bilibili,BV1f5e56ZEoY,排位全新段位盘盘，玩法曝光！【无畏契约】,粉了鸽鸽两年半,不用感觉，现在也不差,2,0,2026-09-14T17:26:00+08:00,313980622001,
bilibili,BV1f5e56ZEoY,排位全新段位盘盘，玩法曝光！【无畏契约】,史丹安,不用感觉，开服到现在一直是这样,1,0,2026-09-14T18:26:00+08:00,313980622001,
bilibili,BV1f5e56ZEoY,排位全新段位盘盘，玩法曝光！【无畏契约】,ghyguo,你仿佛在说ow[doge],0,0,2026-09-14T18:55:00+08:00,313980622001,
bilibili,BV1f5e56ZEoY,排位全新段位盘盘，玩法曝光！【无畏契约】,张狗蛋__,感觉还是黑铁盘盘和挂饰稀有[doge],0,0,2026-09-14T20:40:00+08:00,313980622001,
bilibili,BV1f5e56ZEoY,排位全新段位盘盘，玩法曝光！【无畏契约】,梓Azusa酱,现在因为虚荣心去找代打或者陪玩上段的还少吗[doge],0,0,2026-09-14T22:24:00+08:00,313980622001,陪玩|代打
bilibili,BV1f5e56ZEoY,排位全新段位盘盘，玩法曝光！【无畏契约】,红领巾网友,现在生态就够差，未来更加堪忧,0,0,2026-09-14T23:15:00+08:00,313980622001,
bilibili,BV1f5e56ZEoY,排位全新段位盘盘，玩法曝光！【无畏契约】,我读不出来这个ID,神话局看见这玩意九个人哆嗦[翻白眼],5,0,2026-09-15T01:28:00+08:00,317493793216,
bilibili,BV1f5e56ZEoY,排位全新段位盘盘，玩法曝光！【无畏契约】,Hackio_,在,0,0,2026-09-14T15:27:00+08:00,317468621248,
bilibili,BV1f5e56ZEoY,排位全新段位盘盘，玩法曝光！【无畏契约】,Ku-re,应该是永久的，不然生了一年生了个寂寞,0,0,2026-09-14T15:45:00+08:00,313978424961,
bilibili,BV1f5e56ZEoY,排位全新段位盘盘，玩法曝光！【无畏契约】,是不是老赵,身后再来个光环[doge],0,0,2026-09-14T17:04:00+08:00,317476035312,
bilibili,BV1f5e56ZEoY,排位全新段位盘盘，玩法曝光！【无畏契约】,koselig02,回复 @是不是老赵 :再来一个灵宠,0,0,2026-09-15T00:57:00+08:00,317476035312,
bilibili,BV1f5e56ZEoY,排位全新段位盘盘，玩法曝光！【无畏契约】,是不是老赵,回复 @koselig02 :我们说的都是apex的排位奖励，意思是瓦直接抄了apex,1,0,2026-09-15T01:05:00+08:00,317476035312,
bilibili,BV1JHYv6DEFw,国服也能用！！~~~瓦换肤教你如何使用无畏契约换肤！让所有人都可以玩到全皮肤全炫彩！-,蜜桃番茄酱,加油冲[脱单doge],0,0,2026-09-13T11:55:00+08:00,,
bilibili,BV1JHYv6DEFw,国服也能用！！~~~瓦换肤教你如何使用无畏契约换肤！让所有人都可以玩到全皮肤全炫彩！-,温柔匿扵心,确实不错哦[喜欢],0,0,2026-09-13T11:55:00+08:00,,
bilibili,BV1JHYv6DEFw,国服也能用！！~~~瓦换肤教你如何使用无畏契约换肤！让所有人都可以玩到全皮肤全炫彩！-,一只咕咕的希腊球,三连了，跪求[吃瓜],0,0,2026-09-13T11:55:00+08:00,,
bilibili,BV1JHYv6DEFw,国服也能用！！~~~瓦换肤教你如何使用无畏契约换肤！让所有人都可以玩到全皮肤全炫彩！-,呵呵呵光童尘,认真找一下还是有收获！！,0,0,2026-09-13T11:55:00+08:00,,
bilibili,BV1JHYv6DEFw,国服也能用！！~~~瓦换肤教你如何使用无畏契约换肤！让所有人都可以玩到全皮肤全炫彩！-,黑暗环境,[胜利]还真有,0,0,2026-09-13T11:55:00+08:00,,
bilibili,BV1JHYv6DEFw,国服也能用！！~~~瓦换肤教你如何使用无畏契约换肤！让所有人都可以玩到全皮肤全炫彩！-,寰宇悟道,三连了，加油up[笑],0,0,2026-09-13T11:55:00+08:00,,
bilibili,BV1JHYv6DEFw,国服也能用！！~~~瓦换肤教你如何使用无畏契约换肤！让所有人都可以玩到全皮肤全炫彩！-,morning23,原来三连就ok了[墨镜],0,0,2026-09-13T11:55:00+08:00,,
bilibili,BV1JHYv6DEFw,国服也能用！！~~~瓦换肤教你如何使用无畏契约换肤！让所有人都可以玩到全皮肤全炫彩！-,年年静夜,叁连还真可以,0,0,2026-09-13T11:55:00+08:00,,
bilibili,BV1JHYv6DEFw,国服也能用！！~~~瓦换肤教你如何使用无畏契约换肤！让所有人都可以玩到全皮肤全炫彩！-,博哦茶咖,太棒了，已三连！[墨镜],0,0,2026-09-13T11:55:00+08:00,,
bilibili,BV1JHYv6DEFw,国服也能用！！~~~瓦换肤教你如何使用无畏契约换肤！让所有人都可以玩到全皮肤全炫彩！-,丫头traingelぉ,这个总算找到了[胜利],0,0,2026-09-13T11:55:00+08:00,,
bilibili,BV1JHYv6DEFw,国服也能用！！~~~瓦换肤教你如何使用无畏契约换肤！让所有人都可以玩到全皮肤全炫彩！-,沐沐爱番,难得啊，遇到了！三连了。,0,0,2026-09-13T11:55:00+08:00,,
bilibili,BV1uoeV63E8L,新枪有点超模！新英雄剪影曝光？最好玩的娱乐模式？,吉吉子民,我还以为新角色是天枢云阙彩蛋里那个粉头发妹子，动作还是致敬的降世神通，但看这影子有点不像,55,2,2026-09-14T18:08:00+08:00,,
bilibili,BV1uoeV63E8L,新枪有点超模！新英雄剪影曝光？最好玩的娱乐模式？,别错过日落与海,没感觉，射速慢，解决的是中远距离泼水问题，ak点头跟m4泼水中近距离都比它强，生态位算是连狙吧，18发近点容错降低太多了，而且2900的价格，也不是eco局的配枪，大概率会是大图微风之类用的多一点，或者强起局中远距离偷人比较好用，感觉会是中低段位用的比较多,44,8,2026-09-14T18:43:00+08:00,,
bilibili,BV1uoeV63E8L,新枪有点超模！新英雄剪影曝光？最好玩的娱乐模式？,靈零瀮,v神史诗级削弱,19,1,2026-09-14T18:05:00+08:00,,
bilibili,BV1uoeV63E8L,新枪有点超模！新英雄剪影曝光？最好玩的娱乐模式？,惊天四驱,这娱乐模式啥时候上,19,5,2026-09-14T16:01:00+08:00,,
bilibili,BV1uoeV63E8L,新枪有点超模！新英雄剪影曝光？最好玩的娱乐模式？,replica173,其实这枪刚好解决了瓦的中远距离无枪可用的局面，绝大多数人中远距离都是像个憨逼一样拿把AK在那摆，就看谁微调好，谁被随即弹道眷顾。其实很多时候，中远架点AK是打不过戍卫甚至仅仅持平撩犬的，所以考虑买这把枪的时候，他的最大竞争对手其实是戍卫和撩犬这种中远距离性能不错的枪，但同时他没有抢夺戍卫打半甲，撩犬高性价比的生态位。从这个角度出发的话，未来瓦有概率还会再填补中距离，有衰减的枪,17,4,2026-09-15T01:32:00+08:00,,
bilibili,BV1uoeV63E8L,新枪有点超模！新英雄剪影曝光？最好玩的娱乐模式？,叶染_记不住的梦,这新枪完全就是戍卫的超级上位,14,7,2026-09-14T16:50:00+08:00,,
bilibili,BV1uoeV63E8L,新枪有点超模！新英雄剪影曝光？最好玩的娱乐模式？,孤独的猫饼,匹配的时候可以进靶场？什么意思,12,7,2026-09-14T16:03:00+08:00,,
bilibili,BV1uoeV63E8L,新枪有点超模！新英雄剪影曝光？最好玩的娱乐模式？,゙YukiNo42,瓦的这个移速感觉傻狗553要毁天灭地啊,6,0,2026-09-14T20:50:00+08:00,,
bilibili,BV1uoeV63E8L,新枪有点超模！新英雄剪影曝光？最好玩的娱乐模式？,未途channel,本质瓦区爱神，空几枪就是t几,6,0,2026-09-14T23:29:00+08:00,,
bilibili,BV1uoeV63E8L,新枪有点超模！新英雄剪影曝光？最好玩的娱乐模式？,Jonosoo,sg553来了，连狙还会远吗[doge],5,0,2026-09-14T23:24:00+08:00,,
bilibili,BV1uoeV63E8L,新枪有点超模！新英雄剪影曝光？最好玩的娱乐模式？,阿瓦达西1234,这不cs连狙么[笑哭],5,5,2026-09-14T16:22:00+08:00,,
bilibili,BV1uoeV63E8L,新枪有点超模！新英雄剪影曝光？最好玩的娱乐模式？,知天命而不顺,外形像SG553，但实际感觉看着像G3SG1[笑哭]，追猎也是，外形像fn57，但实际手感像tec-9,4,1,2026-09-15T01:15:00+08:00,,
bilibili,BV1uoeV63E8L,新枪有点超模！新英雄剪影曝光？最好玩的娱乐模式？,雪花Rikka,感觉新枪王朝了,4,0,2026-09-14T15:59:00+08:00,,
bilibili,BV1uoeV63E8L,新枪有点超模！新英雄剪影曝光？最好玩的娱乐模式？,Sanchez--,你是不是不扯康哥不会做视频了[无语],3,0,2026-09-14T23:47:00+08:00,,
bilibili,BV1uoeV63E8L,新枪有点超模！新英雄剪影曝光？最好玩的娱乐模式？,杉海_,新英雄是不是该轮到决斗了？好像其他位置都出过一轮了,3,1,2026-09-14T23:27:00+08:00,,
bilibili,BV1uoeV63E8L,新枪有点超模！新英雄剪影曝光？最好玩的娱乐模式？,恩公可否府上留,Valorant自己的gaygun终于出现了,2,0,2026-09-15T01:07:00+08:00,,
bilibili,BV1uoeV63E8L,新枪有点超模！新英雄剪影曝光？最好玩的娱乐模式？,蛋炒饭不会剪辑,以后估计会被削弱成铁棍[doge],2,1,2026-09-14T21:44:00+08:00,,
bilibili,BV1uoeV63E8L,新枪有点超模！新英雄剪影曝光？最好玩的娱乐模式？,JokeToys,怎么越来越像手游了[笑哭],2,1,2026-09-14T16:43:00+08:00,,
bilibili,BV1uoeV63E8L,新枪有点超模！新英雄剪影曝光？最好玩的娱乐模式？,普朗克liu,什么时候出一个自定义模式可以放置假人啊，跑图找点位都很有用啊,1,0,2026-09-15T02:20:00+08:00,,
bilibili,BV1uoeV63E8L,新枪有点超模！新英雄剪影曝光？最好玩的娱乐模式？,八寻琦沃,@是稽则滑也 553说是,1,0,2026-09-15T00:11:00+08:00,,
bilibili,BV1uoeV63E8L,新枪有点超模！新英雄剪影曝光？最好玩的娱乐模式？,武陵睾手,终于来了[大哭][大哭][大哭][大哭]19年打go用轻薄本，最高60帧，就是用553打爆对手的。24年来瓦后发现没有这款枪，狂徒幻影1.25倍镜跟没放大差不多还降射速移速，戍卫不能连发，go里面连狙不仅20发还能连射。终于等到了吗，虽然子弹少，但是杀一个不亏杀两个血赚[妙啊],1,0,2026-09-15T01:22:00+08:00,,
bilibili,BV1uoeV63E8L,新枪有点超模！新英雄剪影曝光？最好玩的娱乐模式？,Aetherwp,不是…怎么挂饰还有啊不是说好的以后绝版吗,1,0,2026-09-14T18:02:00+08:00,,
bilibili,BV1uoeV63E8L,新枪有点超模！新英雄剪影曝光？最好玩的娱乐模式？,海带络合物,决斗位这么近距离的交战位置玩新枪不纯犯罪吗,1,1,2026-09-14T20:51:00+08:00,,
bilibili,BV1uoeV63E8L,新枪有点超模！新英雄剪影曝光？最好玩的娱乐模式？,色香水丶,可部署？可以像apex甩出去了？,1,0,2026-09-14T18:35:00+08:00,,
bilibili,BV1uoeV63E8L,新枪有点超模！新英雄剪影曝光？最好玩的娱乐模式？,风扇做了对饭,惩罚无甲AK用的？,1,0,2026-09-15T00:51:00+08:00,,
bilibili,BV1uoeV63E8L,新枪有点超模！新英雄剪影曝光？最好玩的娱乐模式？,Bobo-Goodboy,553吗？,1,0,2026-09-14T23:17:00+08:00,,
bilibili,BV1uoeV63E8L,新枪有点超模！新英雄剪影曝光？最好玩的娱乐模式？,阡陌寒夜PiliPili版,中远距离吃香，但打身体不如盲侠和鸟狙，2900价格略微小贵，感觉动摇不了两把主战。 优势区间应该是类似热带岛屿这种大图？,1,3,2026-09-15T01:26:00+08:00,,
bilibili,BV1uoeV63E8L,新枪有点超模！新英雄剪影曝光？最好玩的娱乐模式？,季延字,这不gaygun吗,0,0,2026-09-15T02:03:00+08:00,,
bilibili,BV1uoeV63E8L,新枪有点超模！新英雄剪影曝光？最好玩的娱乐模式？,自有大蠕为我当虫且,跟康哥有毛关系[笑哭],0,0,2026-09-14T22:25:00+08:00,,
bilibili,BV1uoeV63E8L,新枪有点超模！新英雄剪影曝光？最好玩的娱乐模式？,洛各尔,新英雄不可能预告这么多[笑哭],0,0,2026-09-14T23:08:00+08:00,313987972529,
bilibili,BV1uoeV63E8L,新枪有点超模！新英雄剪影曝光？最好玩的娱乐模式？,昆逆,应该是这个粉发色 决斗可能是,0,0,2026-09-14T23:09:00+08:00,313987972529,
bilibili,BV1uoeV63E8L,新枪有点超模！新英雄剪影曝光？最好玩的娱乐模式？,没有手法の梦,这枪打身体50伤害比ak，m4都高还配一个倍镜明显超模，居然还说容错低,5,0,2026-09-14T19:09:00+08:00,317482035120,
bilibili,BV1uoeV63E8L,新枪有点超模！新英雄剪影曝光？最好玩的娱乐模式？,卢停云,回复 @没有手法の梦 :和戍卫一个道理，子弹少，泼不动，自然容错低。而且有多少能开镜的时候呢,11,0,2026-09-14T20:01:00+08:00,317482035120,
bilibili,BV1uoeV63E8L,新枪有点超模！新英雄剪影曝光？最好玩的娱乐模式？,我就是解释是叫,强起局哪有钱花2900买枪[笑哭],1,0,2026-09-14T20:02:00+08:00,317482035120,
bilibili,BV1uoeV63E8L,新枪有点超模！新英雄剪影曝光？最好玩的娱乐模式？,念烬年,回复 @没有手法の梦 :但是有没有可能射速都没有AK快，空枪惩罚大，不能扫转不好压枪，打中近不如AK幻影的效果来的好，你是打三枪身体就死了，但是这是在你一枪不空的情况下，射速又慢，你三发射完我AK幻影四发早射出去了，那我不空枪是不是就把你杀了，这枪生态位明显是在中远距离对枪，不算超模，就算超模，也是在你枪法远大于对面的时候你拿这枪中近的威慑力，但是中近谁打身体，基本上都瞄头，在无畏契约里面这东西又会被削弱，所以真的还好，这一切前提都是他上线之前不改动[吃瓜],1,0,2026-09-14T20:29:00+08:00,317482035120,
bilibili,BV1uoeV63E8L,新枪有点超模！新英雄剪影曝光？最好玩的娱乐模式？,嘿嘿黑魂,[吃瓜],0,0,2026-09-14T23:15:00+08:00,317482035120,
bilibili,BV1uoeV63E8L,新枪有点超模！新英雄剪影曝光？最好玩的娱乐模式？,Lizy_栗子,回复 @没有手法の梦 :射速慢，这枪打三枪都够m4打五枪了,1,0,2026-09-14T23:18:00+08:00,317482035120,
bilibili,BV1uoeV63E8L,新枪有点超模！新英雄剪影曝光？最好玩的娱乐模式？,懒散的笨比,蹭一蹭你康哥大明星的热度罢了，不知道还以为康哥玩这个乱杀了呢[doge],1,0,2026-09-14T23:20:00+08:00,317482035120,
bilibili,BV1uoeV63E8L,新枪有点超模！新英雄剪影曝光？最好玩的娱乐模式？,林冲骑武松能战孙悟空,三枪身体死能开镜能连发，咋想都不会太弱除非射速慢的爆炸,0,0,2026-09-15T00:49:00+08:00,317482035120,
bilibili,BV1uoeV63E8L,新枪有点超模！新英雄剪影曝光？最好玩的娱乐模式？,优比滨,这下只能小甲戍卫了[吃瓜][吃瓜],1,0,2026-09-14T18:47:00+08:00,317480737456,
bilibili,BV1uoeV63E8L,新枪有点超模！新英雄剪影曝光？最好玩的娱乐模式？,无畏契约GAME社区,这个月BV14tY164ENu,3,0,2026-09-14T16:05:00+08:00,317473326880,
bilibili,BV1uoeV63E8L,新枪有点超模！新英雄剪影曝光？最好玩的娱乐模式？,惊天四驱,回复 @无畏契约GAME社区 :我去我去爱播回我了,0,0,2026-09-14T16:10:00+08:00,317473326880,
bilibili,BV1uoeV63E8L,新枪有点超模！新英雄剪影曝光？最好玩的娱乐模式？,未标题2nd,回复 @无畏契约GAME社区 :回回都是2v2，团队边缘人表示受不了[藏狐],0,0,2026-09-14T16:48:00+08:00,317473326880,
bilibili,BV1uoeV63E8L,新枪有点超模！新英雄剪影曝光？最好玩的娱乐模式？,A星星鱼,回复 @无畏契约GAME社区 :那新枪啥时候上线呀，也是这个月吗，还是说要下个赛幕,0,0,2026-09-14T21:00:00+08:00,317473326880,
bilibili,BV1uoeV63E8L,新枪有点超模！新英雄剪影曝光？最好玩的娱乐模式？,A人类退散,回复 @无畏契约GAME社区 :新枪也是这个月吗,0,0,2026-09-14T22:16:00+08:00,317473326880,
bilibili,BV1uoeV63E8L,新枪有点超模！新英雄剪影曝光？最好玩的娱乐模式？,夜半云中,瓦地图距离就那么点，说实话ak也不难用吧,0,0,2026-09-15T01:38:00+08:00,317494839056,
bilibili,BV1uoeV63E8L,新枪有点超模！新英雄剪影曝光？最好玩的娱乐模式？,雀JO,回复 @夜半云中 :对面中路架狙的时候，这玩意肯定比AK好用,0,0,2026-09-15T02:12:00+08:00,317494839056,
bilibili,BV1uoeV63E8L,新枪有点超模！新英雄剪影曝光？最好玩的娱乐模式？,etery,回复 @夜半云中 :go那边aug没削前，就是这么摧毁ak跟m4的,0,0,2026-09-15T02:13:00+08:00,317494839056,
bilibili,BV1uoeV63E8L,新枪有点超模！新英雄剪影曝光？最好玩的娱乐模式？,BinX304,回复 @夜半云中 :Cs对枪距离也就那点，你猜当初sg553和aug除了数值之外是怎么碾碎ak的[颂乐人偶_眯眼笑],0,0,2026-09-15T02:20:00+08:00,317494839056,
bilibili,BV1uoeV63E8L,新枪有点超模！新英雄剪影曝光？最好玩的娱乐模式？,廿玖_NianJiu,戍卫比AKM4强的点主要是穿透和价格吧 感觉开镜倍率这块倒没有强很多 不至于完爆,4,0,2026-09-14T17:04:00+08:00,313984461041,
bilibili,BV1uoeV63E8L,新枪有点超模！新英雄剪影曝光？最好玩的娱乐模式？,涼夏_Suzuka,戍卫主要是可以在半起局起，这枪和主战一样是2900还是抢占不了生态位的,11,0,2026-09-14T17:07:00+08:00,313984461041,
bilibili,BV1uoeV63E8L,新枪有点超模！新英雄剪影曝光？最好玩的娱乐模式？,喜欢鹅鸭杀,戍卫便宜那么多，不是一个生态位的,3,0,2026-09-14T17:10:00+08:00,313984461041,
bilibili,BV1uoeV63E8L,新枪有点超模！新英雄剪影曝光？最好玩的娱乐模式？,AeoLiana,戍卫穿透强伤害还更高还更便宜，除了不是全自动还有什么比不过的[吃瓜],0,0,2026-09-14T19:34:00+08:00,313984461041,
bilibili,BV1uoeV63E8L,新枪有点超模！新英雄剪影曝光？最好玩的娱乐模式？,雨深蓝,那贵了900块呀,0,0,2026-09-14T23:44:00+08:00,313984461041,
bilibili,BV1uoeV63E8L,新枪有点超模！新英雄剪影曝光？最好玩的娱乐模式？,雨深蓝,数位两枪打身体可以杀半甲。这把枪要三枪,0,0,2026-09-14T23:44:00+08:00,313984461041,
bilibili,BV1uoeV63E8L,新枪有点超模！新英雄剪影曝光？最好玩的娱乐模式？,她是年少惊艳,起戍卫不是没钱买AK和m4才起的吗，有2900加买甲的钱谁还会起戍卫,0,0,2026-09-15T00:49:00+08:00,313984461041,
bilibili,BV1uoeV63E8L,新枪有点超模！新英雄剪影曝光？最好玩的娱乐模式？,无畏契约GAME社区,就是在匹配排队的时候，可以进靶场打,29,0,2026-09-14T16:04:00+08:00,313981083121,
bilibili,BV1uoeV63E8L,新枪有点超模！新英雄剪影曝光？最好玩的娱乐模式？,111111qvm,你等匹配时间的时候可以进靶场能理解不 就是你点开始不是会显示匹配了几秒吗 那个时间段内可以进靶场,3,0,2026-09-14T16:04:00+08:00,313981083121,
bilibili,BV1uoeV63E8L,新枪有点超模！新英雄剪影曝光？最好玩的娱乐模式？,孤独的猫饼,昂,1,0,2026-09-14T16:11:00+08:00,313981083121,
bilibili,BV1uoeV63E8L,新枪有点超模！新英雄剪影曝光？最好玩的娱乐模式？,孤独的猫饼,回复 @无畏契约GAME社区 :那也是高分段有点用，像我们金属兄弟秒进,20,0,2026-09-14T16:12:00+08:00,313981083121,
bilibili,BV1uoeV63E8L,新枪有点超模！新英雄剪影曝光？最好玩的娱乐模式？,奇怪的人类增加了,守望先锋的匹配模式,0,0,2026-09-14T16:17:00+08:00,313981083121,
bilibili,BV1uoeV63E8L,新枪有点超模！新英雄剪影曝光？最好玩的娱乐模式？,A星星鱼,回复 @孤独的猫饼 :哈哈哈哈金属兄弟，你好可爱呀,2,0,2026-09-14T20:59:00+08:00,313981083121,
bilibili,BV1uoeV63E8L,新枪有点超模！新英雄剪影曝光？最好玩的娱乐模式？,星帆入海眠,回复 @无畏契约GAME社区 :好1,0,0,2026-09-15T00:30:00+08:00,313981083121,
bilibili,BV1uoeV63E8L,新枪有点超模！新英雄剪影曝光？最好玩的娱乐模式？,宋同学爱吃肉,连狙两枪 这要三枪,1,0,2026-09-14T16:50:00+08:00,313982557953,
bilibili,BV1uoeV63E8L,新枪有点超模！新英雄剪影曝光？最好玩的娱乐模式？,阿瓦达西1234,回复 @宋同学爱吃肉 :观感差不多,0,0,2026-09-14T16:52:00+08:00,313982557953,
bilibili,BV1uoeV63E8L,新枪有点超模！新英雄剪影曝光？最好玩的娱乐模式？,雷鳴尚,实际观感是sg553,2,0,2026-09-14T18:09:00+08:00,313982557953,
bilibili,BV1uoeV63E8L,新枪有点超模！新英雄剪影曝光？最好玩的娱乐模式？,乌鱼羊羽,sg553，但是瓦除了手枪都能开镜，sg出场被卡，所以这次干脆出了个连发戍卫，这个爆头200伤害比标伤65的戍卫都高，感觉就是为了应付ak穿墙一枪头剩个大残来的,0,0,2026-09-14T18:45:00+08:00,313982557953,
bilibili,BV1uoeV63E8L,新枪有点超模！新英雄剪影曝光？最好玩的娱乐模式？,CAuywkk,差太多了，连狙要开镜，镜的倍率还高得多，两发和三发身体天壤之别，这枪就是553,0,0,2026-09-14T22:06:00+08:00,313982557953,
bilibili,BV1uoeV63E8L,新枪有点超模！新英雄剪影曝光？最好玩的娱乐模式？,秋朝Skadi,追猎细长很多，根本不像fn57,0,0,2026-09-15T01:58:00+08:00,313999910913,
bilibili,BV1uoeV63E8L,新枪有点超模！新英雄剪影曝光？最好玩的娱乐模式？,P3gana,先锋吧，之前的顺序是钛狐，幻棱，老黑，迷核,0,0,2026-09-15T00:33:00+08:00,317488571600,
bilibili,BV1uoeV63E8L,新枪有点超模！新英雄剪影曝光？最好玩的娱乐模式？,P丶珀雪x,主站肯定不能削太狠，还要留着卖皮肤呢[doge],1,0,2026-09-14T23:37:00+08:00,313992350433,
bilibili,BV1uoeV63E8L,新枪有点超模！新英雄剪影曝光？最好玩的娱乐模式？,暖言凯亚尔,这是好事啊,0,0,2026-09-14T18:42:00+08:00,313983911361,
bilibili,BV1uoeV63E8L,新枪有点超模！新英雄剪影曝光？最好玩的娱乐模式？,书山压力大号,对，只适合单摸，架点，,0,0,2026-09-15T00:13:00+08:00,317484838384,
bilibili,BV1uoeV63E8L,新枪有点超模！新英雄剪影曝光？最好玩的娱乐模式？,van_door,他哥的微风这个臭图重做不如不重做，现在和💩一样臭，最好删除,0,0,2026-09-15T01:49:00+08:00,314000647569,
bilibili,BV1uoeV63E8L,新枪有点超模！新英雄剪影曝光？最好玩的娱乐模式？,天选圣陈2,回复 @van_door :微风还不好玩啊，队伍里有蝰蛇海神舒服的一批,0,0,2026-09-15T01:53:00+08:00,314000647569,
bilibili,BV1uoeV63E8L,新枪有点超模！新英雄剪影曝光？最好玩的娱乐模式？,Jmiracle_,出个好看的皮肤就动摇了[呲牙],0,0,2026-09-15T02:25:00+08:00,314000647569,
bilibili,BV18GeV63EyV,康康今夜暴力瞄准集锦！16秒击碎你的冠军梦 哪一枪惊艳到了你！,你的好烨爹,今天康康的狙准的夸张[吃瓜]对比前俩天,25,3,2026-09-14T18:36:00+08:00,,
bilibili,BV18GeV63EyV,康康今夜暴力瞄准集锦！16秒击碎你的冠军梦 哪一枪惊艳到了你！,与你相恋到宇宙尽头,镖还是太马了,1,5,2026-09-14T23:57:00+08:00,,
bilibili,BV18GeV63EyV,康康今夜暴力瞄准集锦！16秒击碎你的冠军梦 哪一枪惊艳到了你！,小名单字C,这阅读目标的速度太bt了,0,0,2026-09-15T01:20:00+08:00,,
bilibili,BV18GeV63EyV,康康今夜暴力瞄准集锦！16秒击碎你的冠军梦 哪一枪惊艳到了你！,元子山寺,依旧康镖[汤圆],0,7,2026-09-14T23:57:00+08:00,,
bilibili,BV18GeV63EyV,康康今夜暴力瞄准集锦！16秒击碎你的冠军梦 哪一枪惊艳到了你！,你的好烨爹,像回到了巅峰时期,3,0,2026-09-14T18:36:00+08:00,313988972673,
bilibili,BV18GeV63EyV,康康今夜暴力瞄准集锦！16秒击碎你的冠军梦 哪一枪惊艳到了你！,jungle江,回复 @你的好烨爹 :确实,0,0,2026-09-14T19:25:00+08:00,313988972673,
bilibili,BV18GeV63EyV,康康今夜暴力瞄准集锦！16秒击碎你的冠军梦 哪一枪惊艳到了你！,lir煤,回复 @你的好烨爹 :确实，而且步枪也是很夸张,2,0,2026-09-14T21:59:00+08:00,313988972673,
bilibili,BV18GeV63EyV,康康今夜暴力瞄准集锦！16秒击碎你的冠军梦 哪一枪惊艳到了你！,感动天感动地hcy,再仔细看看呢,13,0,2026-09-15T00:08:00+08:00,317489582384,
bilibili,BV18GeV63EyV,康康今夜暴力瞄准集锦！16秒击碎你的冠军梦 哪一枪惊艳到了你！,서가호4310,[喜极而泣][喜极而泣][喜极而泣]我装懂哥就这样：,1,0,2026-09-15T00:28:00+08:00,317489582384,
bilibili,BV18GeV63EyV,康康今夜暴力瞄准集锦！16秒击碎你的冠军梦 哪一枪惊艳到了你！,ゼロツーーー,是他的扔镖吗就马[笑哭],0,0,2026-09-15T00:41:00+08:00,317489582384,
bilibili,BV18GeV63EyV,康康今夜暴力瞄准集锦！16秒击碎你的冠军梦 哪一枪惊艳到了你！,EasyMoney12,他现在还是800 0.395吗,0,0,2026-09-15T01:29:00+08:00,317489582384,
bilibili,BV18GeV63EyV,康康今夜暴力瞄准集锦！16秒击碎你的冠军梦 哪一枪惊艳到了你！,浅字印记,康康这么厉害，提前玩到娱乐模式了，不玩jett也能开镖说是[吃瓜],0,0,2026-09-15T01:37:00+08:00,317489582384,
bilibili,BV18GeV63EyV,康康今夜暴力瞄准集锦！16秒击碎你的冠军梦 哪一枪惊艳到了你！,迷迭13,再仔细看看呢,4,0,2026-09-15T00:14:00+08:00,313995983201,
bilibili,BV18GeV63EyV,康康今夜暴力瞄准集锦！16秒击碎你的冠军梦 哪一枪惊艳到了你！,서가호4310,这把玩的猎肖,3,0,2026-09-15T00:27:00+08:00,313995983201,
bilibili,BV18GeV63EyV,康康今夜暴力瞄准集锦！16秒击碎你的冠军梦 哪一枪惊艳到了你！,元子山寺,回复 @서가호4310 :噢我嘞眼🦐,0,0,2026-09-15T00:36:00+08:00,313995983201,
bilibili,BV18GeV63EyV,康康今夜暴力瞄准集锦！16秒击碎你的冠军梦 哪一枪惊艳到了你！,元子山寺,回复 @迷迭13 :眼🦐了没看右上角，都怪明日香（,1,0,2026-09-15T00:38:00+08:00,313995983201,
bilibili,BV18GeV63EyV,康康今夜暴力瞄准集锦！16秒击碎你的冠军梦 哪一枪惊艳到了你！,12号清扫工,这波🐴眼了,1,0,2026-09-15T00:56:00+08:00,313995983201,
bilibili,BV18GeV63EyV,康康今夜暴力瞄准集锦！16秒击碎你的冠军梦 哪一枪惊艳到了你！,元子山寺,回复 @12号清扫工 :🐴完了,0,0,2026-09-15T01:00:00+08:00,313995983201,
bilibili,BV18GeV63EyV,康康今夜暴力瞄准集锦！16秒击碎你的冠军梦 哪一枪惊艳到了你！,枫雨花枫,康康玩的不是猎枭嘛,0,0,2026-09-15T01:58:00+08:00,313995983201,
bilibili,BV1DqYk6XEVA,瓦区潘宏来了,Leycester,这期效果比前面的爆[笑哭],6,0,2026-09-14T10:28:00+08:00,,
bilibili,BV1DqYk6XEVA,瓦区潘宏来了,洛琪希-魔石化,难绷啊,1,0,2026-09-14T17:48:00+08:00,,
bilibili,BV1DqYk6XEVA,瓦区潘宏来了,lcgkkk,更新频率快一点[微笑][微笑][微笑],1,0,2026-09-14T17:37:00+08:00,,
bilibili,BV1DqYk6XEVA,瓦区潘宏来了,越来越离谱_,筱楚南，为了道馆，西西里，还停疯福,1,0,2026-09-14T14:08:00+08:00,,
bilibili,BV1DqYk6XEVA,瓦区潘宏来了,寿且冰,更新了可以可以[星星眼],1,0,2026-09-14T09:42:00+08:00,,
bilibili,BV1DqYk6XEVA,瓦区潘宏来了,真是俗不可耐,太搞了,1,0,2026-09-14T09:42:00+08:00,,
bilibili,BV1DqYk6XEVA,瓦区潘宏来了,藏言叶丶,看哭了😭@b站魏某人 @上火车- @大生不才爱大生 @染朱曦,0,0,2026-09-14T14:45:00+08:00,,
bilibili,BV1DqYk6XEVA,瓦区潘宏来了,師军-CuPcAmPer_,太美味了[吃瓜],0,0,2026-09-14T14:10:00+08:00,,
bilibili,BV1DqYk6XEVA,瓦区潘宏来了,沃兹不再待机,太好吃了[喜欢],0,0,2026-09-14T09:46:00+08:00,,
bilibili,BV1mYYi6wEg9,狂魔哥锐评金木不播王者无畏契约就几百人看：金木没买阴兵，一是没钱买，二是他也有基本盘（9月13日）,gugu234,看金木抖海弹幕都没人发🐸了,7,1,2026-09-13T16:12:00+08:00,,
bilibili,BV1mYYi6wEg9,狂魔哥锐评金木不播王者无畏契约就几百人看：金木没买阴兵，一是没钱买，二是他也有基本盘（9月13日）,设乐夕日,金木是不是就是那个2.9评分的那个啊,4,0,2026-09-13T14:26:00+08:00,,
bilibili,BV1mYYi6wEg9,狂魔哥锐评金木不播王者无畏契约就几百人看：金木没买阴兵，一是没钱买，二是他也有基本盘（9月13日）,叱嘢,房管可不会跟你开玩笑,2,0,2026-09-14T00:03:00+08:00,317374901360,
bilibili,BV1wue56AEm2,皮蛋比人还大！真娱乐模式，瓦的大乱斗来了！【无畏契约】,系啦系啦叻叻猪啦,其实出点奥丁打pve更有说法，我打累了就想无脑突突突，这种依然围绕准度的娱乐模式真没多少说法,89,16,2026-09-14T15:45:00+08:00,,
bilibili,BV1wue56AEm2,皮蛋比人还大！真娱乐模式，瓦的大乱斗来了！【无畏契约】,DF5OX,终于出点好玩的了,87,0,2026-09-14T14:17:00+08:00,,
bilibili,BV1wue56AEm2,皮蛋比人还大！真娱乐模式，瓦的大乱斗来了！【无畏契约】,Party_PAI,这皮蛋能一巴掌把人拍死吗[惊讶],36,2,2026-09-14T14:19:00+08:00,,
bilibili,BV1wue56AEm2,皮蛋比人还大！真娱乐模式，瓦的大乱斗来了！【无畏契约】,过一会久久久,没意思，本质还是技能加枪战，能不能来点刀战，变异战，大头之类的,16,13,2026-09-14T14:28:00+08:00,,
bilibili,BV1wue56AEm2,皮蛋比人还大！真娱乐模式，瓦的大乱斗来了！【无畏契约】,夜鹿评论员,出个刀战比这些都有意思,13,17,2026-09-14T14:34:00+08:00,,
bilibili,BV1wue56AEm2,皮蛋比人还大！真娱乐模式，瓦的大乱斗来了！【无畏契约】,炫神手办,[汤圆]盖克这英雄还有没有人玩了，现在打排位遇到海神的概率都比盖克高呀,11,6,2026-09-14T14:31:00+08:00,,
bilibili,BV1wue56AEm2,皮蛋比人还大！真娱乐模式，瓦的大乱斗来了！【无畏契约】,是俟不是内个诶,可以可以[笑哭]终于把手瓦的东西抄过来了,9,0,2026-09-14T14:28:00+08:00,,
bilibili,BV1wue56AEm2,皮蛋比人还大！真娱乐模式，瓦的大乱斗来了！【无畏契约】,niancgen,这不就是皮蛋在脸上吗 情报马有情报还是有马,6,0,2026-09-14T18:02:00+08:00,,
bilibili,BV1wue56AEm2,皮蛋比人还大！真娱乐模式，瓦的大乱斗来了！【无畏契约】,Look4You荷露,啊啊啊啊啊啊啊啊啊啊啊五年了出一个不好玩的娱乐模式。这就是我们的瓦啊啊啊啊啊,5,0,2026-09-15T00:36:00+08:00,,
bilibili,BV1wue56AEm2,皮蛋比人还大！真娱乐模式，瓦的大乱斗来了！【无畏契约】,人生难得圆满,血量还是一百吗，只有一百是不是不能充分体会每一局的海克斯啊,4,0,2026-09-15T00:24:00+08:00,,
bilibili,BV1wue56AEm2,皮蛋比人还大！真娱乐模式，瓦的大乱斗来了！【无畏契约】,RustyCrow_,得改数值吧，原版的ttk那么短做成斗魂竞技场也没意思啊,4,1,2026-09-14T14:44:00+08:00,,
bilibili,BV1wue56AEm2,皮蛋比人还大！真娱乐模式，瓦的大乱斗来了！【无畏契约】,-西格玛男孩-,什么时候出生化模式,3,0,2026-09-14T14:45:00+08:00,,
bilibili,BV1wue56AEm2,皮蛋比人还大！真娱乐模式，瓦的大乱斗来了！【无畏契约】,甜弦卷心菜,没用，到时候司马大活动任务还是不给算娱乐模式的场数[doge]康狙和新年彩虹的任务一点没打,2,0,2026-09-14T15:02:00+08:00,,
bilibili,BV1wue56AEm2,皮蛋比人还大！真娱乐模式，瓦的大乱斗来了！【无畏契约】,酱紫帅哇,得看胜利条件是什么 如果看比分 谁杀得多 那也不娱乐啊,2,2,2026-09-14T14:54:00+08:00,,
bilibili,BV1wue56AEm2,皮蛋比人还大！真娱乐模式，瓦的大乱斗来了！【无畏契约】,直线圈圈,@左中一_ 2人队,1,0,2026-09-14T16:36:00+08:00,,
bilibili,BV1wue56AEm2,皮蛋比人还大！真娱乐模式，瓦的大乱斗来了！【无畏契约】,柿子卷鸡蛋,来个生化模式😋,1,1,2026-09-15T02:05:00+08:00,,
bilibili,BV1wue56AEm2,皮蛋比人还大！真娱乐模式，瓦的大乱斗来了！【无畏契约】,贤澎,说实话真要出一个技能为主的模式，不如把枪械伤害按百分比削减，增长 ttk，不然升半天技能，别人一脚踢死了，明明娱乐模式就想无脑战斗爽冲上去就干，结果真正打起来一秒就结束了，戛然而止,1,0,2026-09-15T02:01:00+08:00,,
bilibili,BV1wue56AEm2,皮蛋比人还大！真娱乐模式，瓦的大乱斗来了！【无畏契约】,白磷爱打瓦,希望不是那种限定娱乐模式好吧，最好给我常驻[呲牙][呲牙][呲牙][呲牙][呲牙][呲牙][呲牙],1,0,2026-09-14T14:41:00+08:00,,
bilibili,BV1wue56AEm2,皮蛋比人还大！真娱乐模式，瓦的大乱斗来了！【无畏契约】,江削屁,强化技能做都做出来了，为什么不把菠萝头的强化做成宣传视频里的那样，哪怕是个弱化版呢[笑哭],1,0,2026-09-14T14:25:00+08:00,,
bilibili,BV1wue56AEm2,皮蛋比人还大！真娱乐模式，瓦的大乱斗来了！【无畏契约】,烦烦の剑,[打call],1,0,2026-09-14T14:17:00+08:00,,
bilibili,BV1wue56AEm2,皮蛋比人还大！真娱乐模式，瓦的大乱斗来了！【无畏契约】,_白云长_,快进到瓦出自己的海克斯乱斗，一条大直线地图，开局强化技能，不过fps很难搞出有意思的娱乐模式,1,1,2026-09-15T01:00:00+08:00,,
bilibili,BV1wue56AEm2,皮蛋比人还大！真娱乐模式，瓦的大乱斗来了！【无畏契约】,听说你要麻辣兔头,@初恋五歌 @下次在想名字吧 @雨佳雾萦 @依然emmmm @观月仁,0,1,2026-09-14T21:07:00+08:00,,
bilibili,BV1wue56AEm2,皮蛋比人还大！真娱乐模式，瓦的大乱斗来了！【无畏契约】,Isscream,看着不赖[星星眼]@江天一色乄,0,1,2026-09-14T15:32:00+08:00,,
bilibili,BV1wue56AEm2,皮蛋比人还大！真娱乐模式，瓦的大乱斗来了！【无畏契约】,思念飞往远方,比人大在哪，没长眼睛吗，近大远小就是一个视角问题啊,0,0,2026-09-14T15:36:00+08:00,,
bilibili,BV1wue56AEm2,皮蛋比人还大！真娱乐模式，瓦的大乱斗来了！【无畏契约】,我叫DG,弄一个瓦铲铲有没有说法[思考],0,1,2026-09-15T02:10:00+08:00,,
bilibili,BV1wue56AEm2,皮蛋比人还大！真娱乐模式，瓦的大乱斗来了！【无畏契约】,橙贼,@盆栽店长 @真的是一支中性笔 @ig_kasssa @才思敏捷胜子健,0,0,2026-09-14T14:24:00+08:00,,
bilibili,BV1wue56AEm2,皮蛋比人还大！真娱乐模式，瓦的大乱斗来了！【无畏契约】,游侠德胜,谁来帮托肝 无畏 1个月，谢酬一千五，可以接的关注谈,0,0,2026-09-14T14:42:00+08:00,,
bilibili,BV1wue56AEm2,皮蛋比人还大！真娱乐模式，瓦的大乱斗来了！【无畏契约】,一般困吧,真不赖吧这个[笑哭],0,0,2026-09-14T14:24:00+08:00,,
bilibili,BV1wue56AEm2,皮蛋比人还大！真娱乐模式，瓦的大乱斗来了！【无畏契约】,特利斯特莉波卡,@社长_游弋先生,0,0,2026-09-14T14:18:00+08:00,,
bilibili,BV1wue56AEm2,皮蛋比人还大！真娱乐模式，瓦的大乱斗来了！【无畏契约】,Luck-hope,打最后一队来,0,0,2026-09-14T23:43:00+08:00,,
bilibili,BV1wue56AEm2,皮蛋比人还大！真娱乐模式，瓦的大乱斗来了！【无畏契约】,林海hd,奥丁太蠢了，进攻奥丁是巨难玩的，全是在一个位置架个奥丁梗没有意思,7,0,2026-09-14T17:06:00+08:00,317472093568,
bilibili,BV1wue56AEm2,皮蛋比人还大！真娱乐模式，瓦的大乱斗来了！【无畏契约】,系啦系啦叻叻猪啦,回复 @林海hd :pvepvepvepvepve,5,0,2026-09-14T17:06:00+08:00,317472093568,
bilibili,BV1wue56AEm2,皮蛋比人还大！真娱乐模式，瓦的大乱斗来了！【无畏契约】,林海hd,回复 @系啦系啦叻叻猪啦 :pve那还不如玩cf还能跑打,8,0,2026-09-14T17:08:00+08:00,317472093568,
bilibili,BV1wue56AEm2,皮蛋比人还大！真娱乐模式，瓦的大乱斗来了！【无畏契约】,文百仪,回复 @林海hd :所有网游想活得久还能保持热度都得缝点,8,0,2026-09-14T17:17:00+08:00,317472093568,
bilibili,BV1wue56AEm2,皮蛋比人还大！真娱乐模式，瓦的大乱斗来了！【无畏契约】,潮绪549,cod的丧尸模式吗[笑哭],0,0,2026-09-14T17:32:00+08:00,317472093568,
bilibili,BV1wue56AEm2,皮蛋比人还大！真娱乐模式，瓦的大乱斗来了！【无畏契约】,贝尔的比目鱼肌,竞技游戏PVE没啥搞头的，pve和pvp的玩家根本就不是一波人，两种模式从来就不是互补关系而是玩家各玩各的根本就不碰另一个，能做好pve模式的fps竞技性普遍不是很高大多连个正经职业联赛都没有,17,0,2026-09-14T17:59:00+08:00,317472093568,
bilibili,BV1wue56AEm2,皮蛋比人还大！真娱乐模式，瓦的大乱斗来了！【无畏契约】,玄鸟落星河,确实可以PVE打机器人啊，感觉会很有意思[doge],0,0,2026-09-14T18:21:00+08:00,317472093568,
bilibili,BV1wue56AEm2,皮蛋比人还大！真娱乐模式，瓦的大乱斗来了！【无畏契约】,无期卡面,[doge]其实开局给一个人物移速加快的buff就行了，移速一上去，颗秒架点自然就少了,0,0,2026-09-14T20:51:00+08:00,317472093568,
bilibili,BV1wue56AEm2,皮蛋比人还大！真娱乐模式，瓦的大乱斗来了！【无畏契约】,甜弦卷心菜,csol大灾变模式是吧[doge],0,0,2026-09-14T22:48:00+08:00,317472093568,
bilibili,BV1wue56AEm2,皮蛋比人还大！真娱乐模式，瓦的大乱斗来了！【无畏契约】,渡灵Guaring,那确实有意思感觉[蔚蓝档案静态_好吃],0,0,2026-09-15T00:19:00+08:00,317472093568,
bilibili,BV1wue56AEm2,皮蛋比人还大！真娱乐模式，瓦的大乱斗来了！【无畏契约】,冇泽兮,空投皮蛋[UPOWER_299013902_汤圆],0,0,2026-09-15T01:59:00+08:00,313971381681,
bilibili,BV1wue56AEm2,皮蛋比人还大！真娱乐模式，瓦的大乱斗来了！【无畏契约】,值六厘的鸽子,有伤害类的技能强化应该就行,0,0,2026-09-15T02:15:00+08:00,313971381681,
bilibili,BV1wue56AEm2,皮蛋比人还大！真娱乐模式，瓦的大乱斗来了！【无畏契约】,stysty,刀手感太垃圾了吧[doge],0,0,2026-09-14T14:29:00+08:00,317464491312,
bilibili,BV1wue56AEm2,皮蛋比人还大！真娱乐模式，瓦的大乱斗来了！【无畏契约】,过一会久久久,回复 @stysty :我是原皮，无所谓手感，追着人跑就完了,0,0,2026-09-14T14:30:00+08:00,317464491312,
bilibili,BV1wue56AEm2,皮蛋比人还大！真娱乐模式，瓦的大乱斗来了！【无畏契约】,蒙东彦,瓦的背景故事里怎么会有变异战，而且离开技能和枪战才真没意思没特色了吧,1,0,2026-09-14T14:42:00+08:00,317464491312,
bilibili,BV1wue56AEm2,皮蛋比人还大！真娱乐模式，瓦的大乱斗来了！【无畏契约】,星海苍穹-,真出了刀战才是无聊。各种技能你还能研究怎么搭配，刀战除了追着人砍想不出来还有什么玩点了,3,0,2026-09-14T15:05:00+08:00,317464491312,
bilibili,BV1wue56AEm2,皮蛋比人还大！真娱乐模式，瓦的大乱斗来了！【无畏契约】,冬弦初月,出门左走，手游,0,0,2026-09-14T15:32:00+08:00,317464491312,
bilibili,BV1wue56AEm2,皮蛋比人还大！真娱乐模式，瓦的大乱斗来了！【无畏契约】,華子Ryuu,技能刀战有感觉吗[doge],1,0,2026-09-14T15:37:00+08:00,317464491312,
bilibili,BV1wue56AEm2,皮蛋比人还大！真娱乐模式，瓦的大乱斗来了！【无畏契约】,迷踪星云,回复 @華子Ryuu :技能也只能帮你贴近距离，对面挥刀还是砍你,0,0,2026-09-14T15:45:00+08:00,317464491312,
bilibili,BV1wue56AEm2,皮蛋比人还大！真娱乐模式，瓦的大乱斗来了！【无畏契约】,華子Ryuu,回复 @迷踪星云 :不是，我想的是类似幽灵模式隐身刀的这种，CF里有，我感觉很好玩,0,0,2026-09-14T15:47:00+08:00,317464491312,
bilibili,BV1wue56AEm2,皮蛋比人还大！真娱乐模式，瓦的大乱斗来了！【无畏契约】,喜欢讲冷笑话,各个刀性能一模一样有什么好玩的？刀战刀都没差异,0,0,2026-09-14T16:11:00+08:00,317464491312,
bilibili,BV1wue56AEm2,皮蛋比人还大！真娱乐模式，瓦的大乱斗来了！【无畏契约】,Right1here,回复 @華子Ryuu :幽灵模式能火的前提是有鬼跳这个特性，没有这个特性的幽灵模式纯走路那鬼有啥玩的呢,1,0,2026-09-14T16:27:00+08:00,317464491312,
bilibili,BV1wue56AEm2,皮蛋比人还大！真娱乐模式，瓦的大乱斗来了！【无畏契约】,KRICH-1337,☁️完了,23,0,2026-09-14T14:40:00+08:00,313972858849,
bilibili,BV1wue56AEm2,皮蛋比人还大！真娱乐模式，瓦的大乱斗来了！【无畏契约】,羸弱DAKU,cf学长是没有自己的评论区吗[汤圆],31,0,2026-09-14T14:45:00+08:00,313972858849,
bilibili,BV1wue56AEm2,皮蛋比人还大！真娱乐模式，瓦的大乱斗来了！【无畏契约】,给点火就升天,瓦这种所有刀都一样的刀战模式只会无聊透顶,25,0,2026-09-14T15:06:00+08:00,313972858849,
bilibili,BV1wue56AEm2,皮蛋比人还大！真娱乐模式，瓦的大乱斗来了！【无畏契约】,花理胡少,回复 @羸弱DAKU :这也能引战,2,0,2026-09-14T15:08:00+08:00,313972858849,
bilibili,BV1wue56AEm2,皮蛋比人还大！真娱乐模式，瓦的大乱斗来了！【无畏契约】,-硬币-coin,夜鹿[星星眼],2,0,2026-09-14T15:16:00+08:00,313972858849,
bilibili,BV1wue56AEm2,皮蛋比人还大！真娱乐模式，瓦的大乱斗来了！【无畏契约】,菊怒,刀战有意思在哪,4,0,2026-09-14T15:36:00+08:00,313972858849,
bilibili,BV1wue56AEm2,皮蛋比人还大！真娱乐模式，瓦的大乱斗来了！【无畏契约】,雨写雾霭,你这个太扯了，喜欢刀自己极速开局公屏扣字玩呗，你看看有没有意思,2,0,2026-09-14T16:32:00+08:00,313972858849,
bilibili,BV1wue56AEm2,皮蛋比人还大！真娱乐模式，瓦的大乱斗来了！【无畏契约】,青哥yyds啊啊啊,我就喜欢串不动硬串的评论啦[喜欢],4,0,2026-09-14T16:34:00+08:00,313972858849,
bilibili,BV1wue56AEm2,皮蛋比人还大！真娱乐模式，瓦的大乱斗来了！【无畏契约】,哎-woss,我最讨厌低水平的串子，硬串看着都尴尬,3,0,2026-09-14T17:11:00+08:00,313972858849,
bilibili,BV1wue56AEm2,皮蛋比人还大！真娱乐模式，瓦的大乱斗来了！【无畏契约】,隐约有浪声,刀战还不如狙击模式呢[笑哭],0,0,2026-09-14T23:33:00+08:00,313972858849,
bilibili,BV1wue56AEm2,皮蛋比人还大！真娱乐模式，瓦的大乱斗来了！【无畏契约】,修猫h,单排盖可有了只能说,1,0,2026-09-14T14:39:00+08:00,313972654705,
bilibili,BV1wue56AEm2,皮蛋比人还大！真娱乐模式，瓦的大乱斗来了！【无畏契约】,Greatbird114,说实话看到盖克我都觉得这把难打了,0,0,2026-09-14T14:52:00+08:00,313972654705,
bilibili,BV1wue56AEm2,皮蛋比人还大！真娱乐模式，瓦的大乱斗来了！【无畏契约】,星海苍穹-,毕竟闪光和信息都太弱了，除了q全能被打掉,0,0,2026-09-14T15:06:00+08:00,313972654705,
bilibili,BV1wue56AEm2,皮蛋比人还大！真娱乐模式，瓦的大乱斗来了！【无畏契约】,猪猪也想谈恋爱,回复 @星海苍穹- :是除了c，Q是皮蛋,0,0,2026-09-14T15:34:00+08:00,313972654705,
bilibili,BV1wue56AEm2,皮蛋比人还大！真娱乐模式，瓦的大乱斗来了！【无畏契约】,迷踪星云,盖克要打技能循环但是实战没时间回收技能,1,0,2026-09-14T15:47:00+08:00,313972654705,
bilibili,BV1wue56AEm2,皮蛋比人还大！真娱乐模式，瓦的大乱斗来了！【无畏契约】,喵小那,落日有概率出现,0,0,2026-09-15T01:38:00+08:00,313972654705,
bilibili,BV1wue56AEm2,皮蛋比人还大！真娱乐模式，瓦的大乱斗来了！【无畏契约】,Right1here,得看技能效果能加强到什么程度，如果技能够强力，血不是问题,2,0,2026-09-14T16:28:00+08:00,317466161248,
bilibili,BV1wue56AEm2,皮蛋比人还大！真娱乐模式，瓦的大乱斗来了！【无畏契约】,颖川奉孝行,直接参与比赛的人全都赢得了呗[星星眼],3,0,2026-09-14T16:59:00+08:00,313974890033,
bilibili,BV1wue56AEm2,皮蛋比人还大！真娱乐模式，瓦的大乱斗来了！【无畏契约】,一只何小苦,活到最后啊，视频里有说,0,0,2026-09-15T00:01:00+08:00,313974890033,
bilibili,BV1wue56AEm2,皮蛋比人还大！真娱乐模式，瓦的大乱斗来了！【无畏契约】,梦境-传说,顶一下,0,0,2026-09-15T02:19:00+08:00,317497065152,
bilibili,BV1wue56AEm2,皮蛋比人还大！真娱乐模式，瓦的大乱斗来了！【无畏契约】,-HKXY-,难在哪，不说远了，你看看瓦手,0,0,2026-09-15T01:54:00+08:00,313999036225,
bilibili,BV1wue56AEm2,皮蛋比人还大！真娱乐模式，瓦的大乱斗来了！【无畏契约】,下次在想名字吧,好耶终于有娱乐模式了,0,0,2026-09-15T01:04:00+08:00,317485187968,
bilibili,BV1wue56AEm2,皮蛋比人还大！真娱乐模式，瓦的大乱斗来了！【无畏契约】,江天一色乄,66,0,0,2026-09-14T15:59:00+08:00,317470888144,
bilibili,BV1wue56AEm2,皮蛋比人还大！真娱乐模式，瓦的大乱斗来了！【无畏契约】,月球挂门领域大神,人太少了，英雄也没有皮肤什么的，你好歹像农或者撸起码七八十位英雄才好做自走棋,0,0,2026-09-15T02:13:00+08:00,317497378528,
bilibili,BV1gJYe6PEzX,我靠这招在无畏契约里认了10000个妈妈！,我不打瓦呀,1,2,0,2026-09-13T10:09:00+08:00,,
bilibili,BV1gJYe6PEzX,我靠这招在无畏契约里认了10000个妈妈！,我不打瓦呀,还是手瓦[笑哭],1,0,2026-09-13T10:12:00+08:00,,
bilibili,BV1gJYe6PEzX,我靠这招在无畏契约里认了10000个妈妈！,璭䮸,瓦里叫妈航天花[吃瓜][吃瓜][吃瓜],1,0,2026-09-13T10:52:00+08:00,,
bilibili,BV1gJYe6PEzX,我靠这招在无畏契约里认了10000个妈妈！,卡了JAY,说白了，三角洲干员基本都是抄的瓦的,0,0,2026-09-14T02:17:00+08:00,,
bilibili,BV1gJYe6PEzX,我靠这招在无畏契约里认了10000个妈妈！,极恶の波波,把CF忘了？,0,0,2026-09-13T11:15:00+08:00,,
bilibili,BV1vPYr64EfU,【中字】yinsu姐&MEG讨论无畏契约电竞现场观众大喊报点,young-无畏契约,再说一遍……把那些在电竞比赛现场大喊、给选手泄露信息的人公开挂出来吧 :) 你们真的在毁掉所有人的观赛体验 :)”,4,0,2026-09-14T04:40:00+08:00,,
bilibili,BV1vPYr64EfU,【中字】yinsu姐&MEG讨论无畏契约电竞现场观众大喊报点,桃红黑空,上海也会哦哦哦的,3,4,2026-09-14T05:46:00+08:00,,
bilibili,BV1vPYr64EfU,【中字】yinsu姐&MEG讨论无畏契约电竞现场观众大喊报点,超超肉,哪里不会哦哦哦,0,0,2026-09-14T06:13:00+08:00,313926951553,
bilibili,BV1vPYr64EfU,【中字】yinsu姐&MEG讨论无畏契约电竞现场观众大喊报点,RoadSide-,只要人多都会哦的，这次EMEA决赛更过分，观众直接开嘘🤫,0,0,2026-09-14T10:42:00+08:00,313926951553,
bilibili,BV1vPYr64EfU,【中字】yinsu姐&MEG讨论无畏契约电竞现场观众大喊报点,桃红黑空,回复 @RoadSide- :因为西班牙th主场吗,0,0,2026-09-14T10:45:00+08:00,313926951553,
bilibili,BV1vPYr64EfU,【中字】yinsu姐&MEG讨论无畏契约电竞现场观众大喊报点,RoadSide-,回复 @桃红黑空 :视频里说了呀，单纯不想🇫🇷队赢,0,0,2026-09-14T10:46:00+08:00,313926951553,
bilibili,BV1RHYB67Ewb,康康惨被狙击仔恶意狙击 本以为是演员给对面老板送分 最后更是放歃血当面挑衅 康康只能无奈下播！,不知名的油画,黑梦 axildeus#LVGOD[汤圆],55,2,2026-09-13T17:11:00+08:00,,
bilibili,BV1RHYB67Ewb,康康惨被狙击仔恶意狙击 本以为是演员给对面老板送分 最后更是放歃血当面挑衅 康康只能无奈下播！,pee-ka-booo,无畏契约蒸蒸日上,21,1,2026-09-13T17:11:00+08:00,,
bilibili,BV1RHYB67Ewb,康康惨被狙击仔恶意狙击 本以为是演员给对面老板送分 最后更是放歃血当面挑衅 康康只能无奈下播！,那场雪成了雨,太快了哥们,1,0,2026-09-13T17:03:00+08:00,,
bilibili,BV1RHYB67Ewb,康康惨被狙击仔恶意狙击 本以为是演员给对面老板送分 最后更是放歃血当面挑衅 康康只能无奈下播！,之唯一,无畏契约日常,0,0,2026-09-14T10:11:00+08:00,,
bilibili,BV1RHYB67Ewb,康康惨被狙击仔恶意狙击 本以为是演员给对面老板送分 最后更是放歃血当面挑衅 康康只能无奈下播！,康宝-菲比萌萌萌,举报一下他们演员行为就行，怪恶心的，其他事情也不敢多做[笑哭],24,0,2026-09-13T17:14:00+08:00,317379291600,
bilibili,BV1RHYB67Ewb,康康惨被狙击仔恶意狙击 本以为是演员给对面老板送分 最后更是放歃血当面挑衅 康康只能无奈下播！,躲在绿匣里的猫,买号的吧,0,0,2026-09-13T17:19:00+08:00,317379291600,
bilibili,BV1RHYB67Ewb,康康惨被狙击仔恶意狙击 本以为是演员给对面老板送分 最后更是放歃血当面挑衅 康康只能无奈下播！,bili_85363016815,这是特战英豪[吃瓜],1,0,2026-09-13T17:17:00+08:00,317379233472,
